,Rk,Tm,G,Cmp,Att,Cmp%,Yds,TD,TD%,Int,Int%,Lng,Y/A,AY/A,Y/C,Y/G,Rate,Sk,Yds.1,Sk%,NY/A,ANY/A,4QC,GWD,EXP,Year
0,1,Oakland Raiders,16,418,619,67.5,4475,26,4.2,10,1.6,75,7.6,7.7,11.2,279.7,97.2,36,214,5.5,6.8,6.9,1.0,1.0,135.3,2002
1,2,St. Louis Rams,16,408,635,64.3,4154,24,3.8,27,4.3,58,7.1,5.9,11.0,259.6,79.9,46,326,6.8,6.1,5.0,2.0,2.0,-22.33,2002
2,3,Seattle Seahawks,16,361,587,61.5,4078,19,3.2,16,2.7,83,7.3,6.7,11.8,254.9,83.0,33,179,5.3,6.6,6.0,1.0,3.0,64.8,2002
3,4,Indianapolis Colts,16,392,591,66.3,4055,27,4.6,19,3.2,69,7.1,6.6,10.7,253.4,88.8,23,145,3.7,6.6,6.1,4.0,5.0,62.9,2002
4,5,Buffalo Bills,16,377,612,61.6,3995,24,3.9,15,2.5,73,7.1,6.8,11.6,249.7,86.0,54,369,8.1,6.0,5.7,2.0,4.0,63.81,2002
5,6,New York Giants,16,338,549,61.6,3951,19,3.5,14,2.6,82,7.5,7.0,12.1,246.9,85.4,24,152,4.2,6.9,6.5,5.0,5.0,118.97,2002
6,7,Pittsburgh Steelers,16,350,551,63.5,3832,26,4.7,22,4.0,72,7.3,6.5,11.5,239.5,84.6,34,204,5.8,6.6,5.7,3.0,3.0,55.5,2002
7,8,Denver Broncos,16,359,554,64.8,3824,21,3.8,20,3.6,82,7.5,6.6,11.5,239.0,84.8,46,315,7.7,6.4,5.6,1.0,1.0,32.46,2002
8,9,Minnesota Vikings,16,337,558,60.4,3685,19,3.4,23,4.1,61,7.1,5.9,11.7,230.3,76.1,49,266,8.1,6.1,5.0,3.0,4.0,16.37,2002
9,10,Green Bay Packers,16,361,580,62.2,3627,29,5.0,16,2.8,85,6.6,6.4,10.6,226.7,86.6,27,196,4.4,6.0,5.7,3.0,3.0,46.75,2002
10,11,Kansas City Chiefs,16,292,477,61.2,3622,27,5.7,13,2.7,99,7.9,7.8,12.9,226.4,93.5,26,141,5.2,7.2,7.1,4.0,4.0,104.9,2002
11,12,New England Patriots,16,374,605,61.8,3577,28,4.6,14,2.3,49,6.2,6.1,10.1,223.6,85.3,31,190,4.9,5.6,5.5,2.0,3.0,22.5,2002
12,13,Cincinnati Bengals,16,350,591,59.2,3476,17,2.9,22,3.7,72,6.3,5.2,10.7,217.3,71.8,37,256,5.9,5.5,4.5,1.0,1.0,-52.6,2002
13,14,San Francisco 49ers,16,354,571,62.0,3457,23,4.0,10,1.8,76,6.3,6.3,10.1,216.1,86.0,22,119,3.7,5.8,5.8,2.0,4.0,55.71,2002
14,15,Tampa Bay Buccaneers,16,348,567,61.4,3445,23,4.1,10,1.8,76,6.5,6.5,10.5,215.3,86.3,41,220,6.7,5.7,5.7,1.0,3.0,40.26,2002
15,16,New Orleans Saints,16,291,538,54.1,3441,27,5.0,15,2.8,64,6.8,6.6,12.7,215.1,80.8,37,244,6.4,6.0,5.7,3.0,3.0,-1.93,2002
16,17,New York Jets,16,329,485,67.8,3418,25,5.2,10,2.1,47,7.5,7.6,11.0,213.6,98.3,32,201,6.2,6.6,6.7,2.0,2.0,79.18,2002
17,18,Cleveland Browns,16,338,552,61.2,3412,27,4.9,22,4.0,78,6.6,5.8,10.8,213.3,80.5,35,253,6.0,5.8,5.0,4.0,5.0,32.92,2002
18,19,Philadelphia Eagles,16,318,548,58.0,3384,27,4.9,11,2.0,59,6.6,6.7,11.3,211.5,85.9,36,222,6.2,5.8,5.9,0.0,1.0,0.04,2002
19,20,Tennessee Titans,16,306,500,61.2,3320,22,4.4,15,3.0,55,6.9,6.4,11.2,207.5,83.9,21,121,4.0,6.4,5.9,3.0,3.0,87.9,2002
20,21,Washington Redskins,16,300,559,53.7,3254,24,4.3,20,3.6,62,6.3,5.6,11.7,203.4,72.5,38,269,6.4,5.5,4.7,,,-32.41,2002
21,22,San Diego Chargers,16,324,538,60.2,3188,17,3.2,16,3.0,52,6.3,5.6,10.4,199.3,76.5,24,180,4.3,5.7,5.0,2.0,4.0,7.01,2002
22,23,Atlanta Falcons,16,268,479,55.9,3167,18,3.8,12,2.5,74,7.1,6.7,12.6,197.9,80.2,36,217,7.0,6.1,5.8,3.0,4.0,40.6,2002
23,24,Chicago Bears,16,310,543,57.1,3051,22,4.1,18,3.3,76,6.1,5.4,10.7,190.7,74.8,44,265,7.5,5.2,4.6,2.0,2.0,-82.81,2002
24,25,Detroit Lions,16,277,577,48.0,2994,19,3.3,25,4.3,64,5.5,4.2,11.4,187.1,57.9,20,174,3.4,5.0,3.8,2.0,2.0,-84.8,2002
25,26,Miami Dolphins,16,271,455,59.6,2890,18,4.0,15,3.3,77,6.7,6.1,11.3,180.6,79.3,25,179,5.2,6.0,5.4,1.0,1.0,0.76,2002
26,27,Baltimore Ravens,16,262,479,54.7,2847,20,4.2,14,2.9,77,6.5,6.0,11.9,177.9,76.5,41,271,7.9,5.5,5.0,1.0,1.0,-18.45,2002
27,28,Jacksonville Jaguars,16,268,462,58.0,2762,18,3.9,9,1.9,79,6.5,6.4,11.3,172.6,82.5,42,257,8.3,5.5,5.4,0.0,1.0,33.67,2002
28,29,Arizona Cardinals,16,291,548,53.1,2740,18,3.3,22,4.0,80,5.5,4.4,10.4,171.3,63.7,41,298,7.0,4.7,3.6,2.0,4.0,-74.0,2002
29,30,Carolina Panthers,16,255,464,55.0,2694,15,3.2,22,4.7,69,6.4,4.9,11.7,168.4,65.7,44,287,8.7,5.3,3.9,0.0,1.0,-69.17,2002
30,31,Dallas Cowboys,16,252,471,53.5,2621,14,3.0,16,3.4,80,6.4,5.5,12.0,163.8,69.1,54,399,10.3,5.0,4.2,3.0,3.0,-110.96,2002
31,32,Houston Texans,16,235,447,52.6,2225,11,2.5,15,3.4,81,5.9,4.9,11.2,139.1,64.7,76,411,14.5,4.3,3.4,2.0,3.0,-104.09,2002
0,1,Indianapolis Colts,16,381,569,67.0,4179,29,5.1,10,1.8,79,7.5,7.8,11.3,261.2,99.0,19,110,3.2,7.1,7.3,3.0,4.0,99.28,2003
1,2,Kansas City Chiefs,16,339,536,63.2,3981,24,4.5,12,2.2,67,7.7,7.6,12.1,248.8,92.4,21,132,3.8,7.1,7.0,1.0,2.0,55.42,2003
2,3,St. Louis Rams,16,377,600,62.8,3961,23,3.8,23,3.8,48,7.1,6.2,11.4,247.6,81.0,43,326,6.7,6.2,5.3,4.0,4.0,-30.91,2003
3,4,Minnesota Vikings,16,333,520,64.0,3951,32,6.2,13,2.5,72,8.0,8.1,12.5,246.9,99.0,42,218,7.5,7.0,7.1,0.0,1.0,34.22,2003
4,5,Tennessee Titans,16,315,502,62.7,3878,30,6.0,9,1.8,73,8.0,8.4,12.8,242.4,100.3,25,153,4.7,7.4,7.7,2.0,2.0,55.85,2003
5,6,Tampa Bay Buccaneers,16,369,592,62.3,3805,27,4.6,22,3.7,76,6.7,5.9,10.7,237.8,81.5,23,136,3.7,6.2,5.5,,,-86.72,2003
6,7,Seattle Seahawks,16,317,521,60.8,3618,27,5.2,16,3.1,80,7.4,7.1,12.2,226.1,88.2,43,254,7.6,6.4,6.1,2.0,3.0,46.21,2003
7,8,New Orleans Saints,16,314,535,58.7,3438,25,4.7,8,1.5,76,6.8,7.1,11.6,214.9,88.7,36,203,6.3,6.0,6.3,2.0,3.0,-28.75,2003
8,9,New England Patriots,16,320,537,59.6,3432,23,4.3,13,2.4,82,6.8,6.6,11.4,214.5,84.3,32,219,5.6,6.0,5.8,3.0,5.0,18.84,2003
9,10,San Francisco 49ers,16,299,511,58.5,3408,25,4.9,15,2.9,75,7.0,6.6,11.9,213.0,84.0,28,158,5.2,6.3,6.0,1.0,1.0,14.44,2003
10,11,New York Giants,16,344,616,55.8,3383,16,2.6,20,3.2,77,5.9,5.0,10.6,211.4,68.4,44,259,6.7,5.1,4.2,1.0,3.0,-113.57,2003
11,12,Cincinnati Bengals,16,324,520,62.3,3342,26,5.0,15,2.9,82,6.9,6.6,11.1,208.9,87.4,37,249,6.6,6.0,5.7,3.0,3.0,7.92,2003
12,13,New York Jets,16,312,496,62.9,3316,20,4.0,14,2.8,65,7.1,6.6,11.3,207.3,85.8,31,208,5.9,6.3,5.9,3.0,3.0,-23.93,2003
13,14,Pittsburgh Steelers,16,306,532,57.5,3304,19,3.6,17,3.2,81,6.7,5.9,11.6,206.5,76.4,42,244,7.3,5.8,5.1,,,-49.08,2003
14,15,Jacksonville Jaguars,16,303,515,58.8,3285,17,3.3,17,3.3,84,6.6,5.8,11.3,205.3,76.0,28,136,5.2,6.0,5.3,1.0,2.0,-79.73,2003
15,16,Green Bay Packers,16,310,473,65.5,3240,32,6.8,21,4.4,66,7.1,6.5,10.9,202.5,90.5,19,137,3.9,6.6,6.0,1.0,3.0,9.93,2003
16,17,Dallas Cowboys,16,294,510,57.6,3162,17,3.3,21,4.1,64,6.6,5.4,11.4,197.6,71.4,37,185,6.8,5.8,4.7,2.0,2.0,-110.5,2003
17,18,Carolina Panthers,16,270,460,58.7,3050,19,4.1,16,3.5,67,7.0,6.3,12.0,190.6,79.6,26,188,5.3,6.3,5.6,5.0,7.0,-13.4,2003
18,19,San Diego Chargers,16,297,525,56.6,3021,21,4.0,19,3.6,73,6.1,5.3,10.9,188.8,73.1,29,205,5.2,5.5,4.7,0.0,1.0,-87.84,2003
19,20,Philadelphia Eagles,16,279,484,57.6,3020,17,3.5,11,2.3,59,6.8,6.4,11.7,188.8,80.5,43,253,8.2,5.7,5.4,2.0,4.0,-35.72,2003
20,21,Washington Redskins,16,283,527,53.7,3006,21,4.0,16,3.0,64,6.2,5.6,11.6,187.9,73.3,43,267,7.5,5.3,4.7,0.0,2.0,-101.91,2003
21,22,Denver Broncos,16,280,479,58.5,2969,19,4.0,18,3.8,72,6.5,5.6,11.2,185.6,75.6,25,157,5.0,5.9,5.0,1.0,2.0,-53.79,2003
22,23,Arizona Cardinals,16,303,534,56.7,2959,18,3.4,22,4.1,71,6.1,4.9,10.8,184.9,68.9,44,306,7.6,5.1,4.0,1.0,3.0,-146.39,2003
23,24,Detroit Lions,16,319,588,54.3,2924,17,2.9,24,4.1,72,5.1,3.8,9.4,182.8,61.1,11,64,1.8,4.9,3.6,2.0,2.0,-114.92,2003
24,25,Cleveland Browns,16,313,509,61.5,2834,17,3.3,18,3.5,71,6.1,5.2,10.0,177.1,75.2,40,282,7.3,5.2,4.3,2.0,2.0,-94.44,2003
25,26,Miami Dolphins,16,257,450,57.1,2792,17,3.8,19,4.2,80,6.7,5.5,11.7,174.5,72.5,31,209,6.4,5.8,4.7,2.0,4.0,-81.47,2003
26,27,Oakland Raiders,16,278,521,53.4,2751,9,1.7,14,2.7,47,5.7,4.9,10.7,171.9,65.0,43,237,7.6,4.9,4.1,1.0,2.0,-109.29,2003
27,28,Buffalo Bills,16,293,502,58.4,2684,11,2.2,17,3.4,54,6.1,5.0,10.5,167.8,69.4,51,385,9.2,4.9,3.9,1.0,1.0,-122.09,2003
28,29,Houston Texans,16,248,439,56.5,2655,14,3.2,18,4.1,78,6.5,5.3,11.5,165.9,69.7,36,186,7.6,5.6,4.5,3.0,3.0,-96.01,2003
29,30,Chicago Bears,16,271,515,52.6,2617,12,2.3,20,3.9,61,5.6,4.4,10.7,163.6,61.0,43,288,7.7,4.7,3.5,2.0,3.0,-154.1,2003
30,31,Atlanta Falcons,16,230,460,50.0,2408,14,3.0,21,4.6,86,5.7,4.3,11.4,150.5,58.7,35,223,7.1,4.9,3.5,1.0,0.0,-170.71,2003
31,32,Baltimore Ravens,16,217,415,52.3,2255,16,3.9,19,4.6,73,6.1,4.8,11.6,140.9,64.7,42,262,9.2,4.9,3.8,2.0,2.0,-105.48,2003
0,1,Indianapolis Colts,16,353,527,67.0,4623,51,9.7,10,1.9,80,9.0,10.1,13.4,288.9,119.7,14,109,2.6,8.5,9.6,2.0,4.0,218.37,2004
1,2,Minnesota Vikings,16,380,552,68.8,4516,39,7.1,12,2.2,82,8.6,9.0,12.5,282.3,109.8,46,238,7.7,7.6,8.0,1.0,3.0,144.05,2004
2,3,Green Bay Packers,16,382,598,63.9,4449,36,6.0,19,3.2,79,7.6,7.4,11.9,278.1,93.8,14,101,2.3,7.3,7.0,3.0,4.0,118.98,2004
3,4,Kansas City Chiefs,16,370,561,66.0,4406,27,4.8,17,3.0,70,8.3,7.9,12.5,275.4,94.9,32,227,5.4,7.4,7.1,3.0,3.0,89.14,2004
4,5,St. Louis Rams,16,372,580,64.1,4253,23,4.0,22,3.8,75,8.0,7.0,12.4,265.8,86.1,50,362,7.9,6.8,5.9,3.0,4.0,-23.36,2004
5,6,Denver Broncos,16,303,521,58.2,3999,27,5.2,20,3.8,85,7.8,7.2,13.5,249.9,84.5,15,90,2.8,7.5,6.8,1.0,4.0,43.59,2004
6,7,Philadelphia Eagles,16,336,547,61.4,3979,32,5.9,11,2.0,80,7.7,8.0,12.5,248.7,96.4,37,229,6.3,6.8,7.1,2.0,2.0,60.06,2004
7,8,Oakland Raiders,16,330,582,56.7,3858,24,4.1,22,3.8,63,6.9,6.0,12.2,241.1,76.1,30,161,4.9,6.3,5.5,1.0,2.0,-33.44,2004
8,9,Carolina Panthers,16,311,536,58.0,3643,29,5.4,15,2.8,63,7.3,7.1,12.5,227.7,87.0,33,246,5.8,6.4,6.2,2.0,3.0,25.84,2004
9,10,Tennessee Titans,16,356,589,60.4,3616,27,4.6,19,3.2,48,6.7,6.1,11.0,226.0,82.1,44,317,7.0,5.7,5.2,1.0,1.0,-32.91,2004
10,11,New England Patriots,16,293,485,60.4,3588,29,6.0,14,2.9,50,7.7,7.6,12.8,224.3,92.5,26,162,5.1,7.0,6.9,0.0,1.0,108.51,2004
11,12,New Orleans Saints,16,309,542,57.0,3587,21,3.9,16,3.0,57,7.0,6.5,12.3,224.2,79.5,41,223,7.0,6.2,5.6,3.0,5.0,-34.16,2004
12,13,Seattle Seahawks,16,304,532,57.1,3539,23,4.3,18,3.4,60,7.0,6.3,12.2,221.2,79.1,34,176,6.0,6.3,5.6,0.0,0.0,-5.2,2004
13,14,Tampa Bay Buccaneers,16,340,512,66.4,3474,24,4.7,18,3.5,75,7.4,6.7,11.1,217.1,89.1,44,299,7.9,6.2,5.7,1.0,1.0,-50.41,2004
14,15,Dallas Cowboys,16,308,519,59.3,3428,19,3.7,23,4.4,53,7.0,5.7,11.8,214.3,74.5,36,208,6.5,6.2,5.0,2.0,3.0,-43.75,2004
15,16,San Diego Chargers,16,288,450,64.0,3357,29,6.4,8,1.8,79,7.8,8.3,12.2,209.8,102.0,21,149,4.5,7.1,7.6,1.0,2.0,90.25,2004
16,17,Cincinnati Bengals,16,324,536,60.4,3301,23,4.3,22,4.1,76,6.6,5.6,10.9,206.3,77.0,31,219,5.5,5.8,4.9,3.0,4.0,-57.05,2004
17,18,Houston Texans,16,286,471,60.7,3246,16,3.4,14,3.0,69,7.5,6.9,12.4,202.9,83.0,49,301,9.4,6.2,5.6,1.0,1.0,-18.91,2004
18,19,Jacksonville Jaguars,16,305,513,59.5,3159,17,3.3,11,2.1,65,6.5,6.2,10.9,197.4,80.7,32,156,5.9,5.8,5.5,4.0,5.0,-42.42,2004
19,20,San Francisco 49ers,16,325,561,57.9,3136,16,2.9,21,3.7,65,6.2,5.0,10.6,196.0,69.9,52,319,8.5,5.1,4.1,1.0,2.0,-110.2,2004
20,21,Miami Dolphins,16,309,586,52.7,3065,19,3.2,26,4.4,76,5.8,4.4,11.0,191.6,62.5,52,326,8.2,4.8,3.6,2.0,3.0,-176.52,2004
21,22,New York Jets,16,282,438,64.4,3050,19,4.3,11,2.5,69,7.4,7.1,11.5,190.6,90.5,31,181,6.6,6.5,6.3,3.0,3.0,7.78,2004
22,23,Detroit Lions,16,285,505,56.4,2916,19,3.8,13,2.6,62,6.2,5.8,11.0,182.3,76.7,37,208,6.8,5.4,5.0,1.0,1.0,-80.44,2004
23,24,Arizona Cardinals,16,299,533,56.1,2882,14,2.6,18,3.4,48,6.0,5.0,10.7,180.1,68.5,39,320,6.8,5.0,4.1,2.0,2.0,-96.16,2004
24,25,Cleveland Browns,16,251,439,57.2,2824,21,4.8,21,4.8,99,7.0,5.8,12.3,176.5,74.9,41,252,8.5,5.9,4.8,1.0,1.0,-80.68,2004
25,26,New York Giants,16,269,475,56.6,2818,12,2.5,13,2.7,62,6.5,5.8,11.5,176.1,73.5,52,279,9.9,5.3,4.7,1.0,2.0,-103.27,2004
26,27,Buffalo Bills,16,262,461,56.8,2817,21,4.6,17,3.7,69,6.6,5.8,11.6,176.1,76.7,38,215,7.6,5.6,5.0,,,-76.04,2004
27,28,Pittsburgh Steelers,16,228,358,63.7,2720,20,5.6,13,3.6,58,8.3,7.8,13.0,170.0,93.2,36,250,9.1,6.9,6.4,5.0,7.0,26.0,2004
28,29,Washington Redskins,16,288,514,56.0,2632,18,3.5,17,3.3,51,5.6,4.8,10.0,164.5,70.0,38,242,6.9,4.8,4.0,0.0,1.0,-102.31,2004
29,30,Atlanta Falcons,16,217,395,54.9,2412,15,3.8,16,4.1,62,6.8,5.8,12.4,150.8,72.0,50,280,11.2,5.4,4.5,3.0,4.0,-125.97,2004
30,31,Baltimore Ravens,16,258,465,55.5,2312,13,2.8,11,2.4,57,5.5,5.0,9.9,144.5,70.7,35,247,7.0,4.6,4.2,2.0,2.0,-107.15,2004
31,32,Chicago Bears,16,249,471,52.9,2192,9,1.9,16,3.4,63,5.6,4.5,10.6,137.0,61.7,66,449,12.3,4.1,3.1,1.0,1.0,-225.97,2004
0,1,Arizona Cardinals,16,419,670,62.5,4437,21,3.1,21,3.1,63,7.0,6.3,11.3,277.3,81.0,45,286,6.3,6.2,5.5,2.0,2.0,-25.03,2005
1,2,New England Patriots,16,352,564,62.4,4120,28,5.0,15,2.7,71,7.7,7.5,12.3,257.5,91.5,28,202,4.7,7.0,6.8,3.0,4.0,31.27,2005
2,3,Indianapolis Colts,16,347,515,67.4,4096,31,6.0,11,2.1,80,8.1,8.4,12.1,256.0,103.3,20,95,3.7,7.7,7.9,1.0,1.0,157.41,2005
3,4,St. Louis Rams,16,392,599,65.4,4036,23,3.8,24,4.0,83,7.3,6.2,11.1,252.3,83.0,46,315,7.1,6.3,5.3,3.0,5.0,12.72,2005
4,5,Cincinnati Bengals,16,362,538,67.3,3820,32,5.9,14,2.6,70,7.3,7.3,10.9,238.8,97.6,21,115,3.8,6.8,6.9,1.0,3.0,17.65,2005
5,6,Kansas City Chiefs,16,317,507,62.5,3810,17,3.4,10,2.0,60,7.9,7.7,12.7,238.1,90.1,32,204,5.9,7.1,6.9,2.0,3.0,27.32,2005
6,7,Green Bay Packers,16,383,626,61.2,3766,20,3.2,30,4.8,59,6.3,4.8,10.3,235.4,70.1,27,198,4.1,5.8,4.3,1.0,1.0,-78.29,2005
7,8,Philadelphia Eagles,16,337,620,54.4,3677,21,3.4,20,3.2,91,6.3,5.5,11.6,229.8,71.5,42,226,6.3,5.6,4.8,2.0,4.0,-91.91,2005
8,9,Tennessee Titans,16,358,594,60.3,3597,20,3.4,14,2.4,57,6.4,6.0,10.6,224.8,80.3,31,200,5.0,5.8,5.4,0.0,1.0,-118.26,2005
9,10,Oakland Raiders,16,316,591,53.5,3582,21,3.6,14,2.4,79,6.6,6.2,12.3,223.9,76.0,45,301,7.1,5.6,5.3,1.0,1.0,-57.75,2005
10,11,New York Giants,16,294,558,52.7,3578,24,4.3,17,3.0,78,6.7,6.2,12.8,223.6,75.7,28,184,4.8,6.1,5.6,1.0,2.0,-11.79,2005
11,12,San Diego Chargers,16,338,526,64.3,3495,27,5.1,16,3.0,54,7.1,6.8,11.1,218.4,89.7,31,243,5.6,6.3,6.0,2.0,2.0,-1.95,2005
12,13,Seattle Seahawks,16,307,474,64.8,3458,25,5.3,10,2.1,56,7.7,7.8,11.8,216.1,96.8,27,174,5.4,6.9,7.0,2.0,2.0,81.56,2005
13,14,New Orleans Saints,16,308,553,55.7,3343,15,2.7,24,4.3,66,6.5,5.1,11.7,208.9,66.6,41,261,6.9,5.6,4.3,1.0,2.0,-87.71,2005
14,15,Dallas Cowboys,16,300,500,60.0,3341,23,4.6,17,3.4,71,7.3,6.7,12.1,208.8,83.6,50,298,9.1,6.1,5.5,4.0,5.0,-19.2,2005
15,16,Miami Dolphins,16,291,556,52.3,3300,22,4.0,16,2.9,77,6.2,5.7,11.9,206.3,72.8,26,158,4.5,5.7,5.2,2.0,3.0,-49.92,2005
16,17,Carolina Panthers,16,269,449,59.9,3271,25,5.6,16,3.6,80,7.8,7.3,13.0,204.4,88.1,28,214,5.9,6.9,6.4,4.0,4.0,32.11,2005
17,18,Denver Broncos,16,279,465,60.0,3227,18,3.9,7,1.5,72,7.3,7.4,12.1,201.7,88.9,23,146,4.7,6.6,6.7,1.0,2.0,1.57,2005
18,19,Jacksonville Jaguars,16,283,487,58.1,3190,21,4.3,6,1.2,45,6.9,7.2,11.8,199.4,88.4,32,162,6.2,6.1,6.4,4.0,5.0,18.3,2005
19,20,Minnesota Vikings,16,323,510,63.3,3146,18,3.5,16,3.1,80,6.8,6.1,10.7,196.6,81.7,54,303,9.6,5.6,4.9,1.0,3.0,-59.54,2005
20,21,Washington Redskins,16,278,481,57.8,3106,25,5.2,11,2.3,78,7.0,7.0,12.0,194.1,87.0,31,240,6.1,6.1,6.1,2.0,3.0,-7.44,2005
21,22,Baltimore Ravens,16,335,562,59.6,3088,17,3.0,21,3.7,48,6.0,4.9,10.1,193.0,71.3,42,293,7.0,5.1,4.1,2.0,3.0,-105.49,2005
22,23,Cleveland Browns,16,297,497,59.8,3047,15,3.0,17,3.4,80,6.7,5.8,11.2,190.4,75.5,46,276,8.5,5.6,4.8,2.0,2.0,-106.69,2005
23,24,Pittsburgh Steelers,16,228,379,60.2,2926,21,5.5,14,3.7,85,8.2,7.6,13.6,182.9,89.4,32,178,7.8,7.1,6.6,3.0,3.0,83.04,2005
24,25,Tampa Bay Buccaneers,16,303,487,62.2,2890,17,3.5,14,2.9,80,6.5,5.9,10.5,180.6,80.7,41,281,7.8,5.5,4.9,3.0,3.0,-98.63,2005
25,26,Detroit Lions,16,297,520,57.1,2848,15,2.9,18,3.5,86,5.8,4.8,10.2,178.0,69.1,31,173,5.6,5.2,4.2,1.0,2.0,-102.2,2005
26,27,Atlanta Falcons,16,247,451,54.8,2679,19,4.2,13,2.9,58,6.4,6.0,11.8,167.4,76.6,39,228,8.0,5.5,5.0,0.0,1.0,-76.73,2005
27,28,New York Jets,16,268,470,57.0,2642,11,2.3,15,3.2,60,6.4,5.4,11.2,165.1,70.6,53,347,10.1,5.1,4.2,1.0,0.0,-86.58,2005
28,29,Buffalo Bills,16,269,459,58.6,2515,18,3.9,16,3.5,65,6.2,5.4,10.6,157.2,75.4,43,337,8.6,5.0,4.3,1.0,1.0,-101.26,2005
29,30,Houston Texans,16,270,449,60.1,2237,15,3.3,13,2.9,53,5.9,5.3,9.9,139.8,76.0,68,424,13.2,4.3,3.8,0.0,1.0,-101.95,2005
30,31,Chicago Bears,16,219,418,52.4,2002,11,2.6,15,3.6,54,5.3,4.2,10.1,125.1,61.5,31,199,6.9,4.5,3.4,0.0,1.0,-129.52,2005
31,32,San Francisco 49ers,16,204,389,52.4,1898,8,2.1,21,5.4,89,5.6,3.6,10.7,118.6,53.6,48,292,11.0,4.3,2.5,1.0,2.0,-161.83,2005
0,1,New Orleans Saints,16,372,580,64.1,4503,27,4.7,13,2.2,86,8.0,7.9,12.4,281.4,94.9,23,123,3.8,7.5,7.4,1.0,2.0,23.27,2006
1,2,Indianapolis Colts,16,362,557,65.0,4308,31,5.6,9,1.6,68,7.9,8.3,12.1,269.3,101.0,15,89,2.6,7.5,7.9,3.0,3.0,121.85,2006
2,3,Philadelphia Eagles,16,323,544,59.4,4119,31,5.7,9,1.7,89,7.9,8.3,13.3,257.4,96.7,28,190,4.9,7.2,7.6,2.0,4.0,18.71,2006
3,4,St. Louis Rams,16,371,592,62.7,3962,24,4.1,8,1.4,67,7.3,7.5,11.7,247.6,92.7,49,366,7.6,6.2,6.4,2.0,3.0,19.54,2006
4,5,Dallas Cowboys,16,310,506,61.3,3836,26,5.1,21,4.2,56,8.0,7.2,13.1,239.8,86.5,37,231,6.8,7.1,6.3,2.0,3.0,47.69,2006
5,6,Cincinnati Bengals,16,327,523,62.5,3833,28,5.4,13,2.5,74,7.8,7.7,12.4,239.6,94.1,36,233,6.4,6.9,6.8,2.0,3.0,9.8,2006
6,7,Detroit Lions,16,372,596,62.4,3820,21,3.5,22,3.7,60,7.1,6.1,11.3,238.8,79.9,63,388,9.6,5.8,4.9,1.0,1.0,-78.45,2006
7,8,Green Bay Packers,16,350,630,55.6,3795,18,2.9,18,2.9,82,6.3,5.6,11.3,237.2,72.1,24,152,3.7,5.8,5.1,1.0,1.0,-70.9,2006
8,9,Pittsburgh Steelers,16,312,523,59.7,3733,23,4.4,23,4.4,87,7.7,6.6,12.9,233.3,80.2,49,293,8.6,6.5,5.5,3.0,4.0,-1.92,2006
9,10,Arizona Cardinals,16,322,545,59.1,3662,17,3.1,17,3.1,64,7.2,6.4,12.2,228.9,78.7,35,262,6.0,6.3,5.6,1.0,1.0,24.19,2006
10,11,Baltimore Ravens,16,328,524,62.6,3435,21,4.0,14,2.7,87,6.7,6.3,10.8,214.7,84.6,17,100,3.1,6.3,6.0,3.0,3.0,-24.05,2006
11,12,New England Patriots,16,326,527,61.9,3400,25,4.7,12,2.3,62,6.8,6.7,11.0,212.5,88.3,29,190,5.2,6.1,6.0,2.0,2.0,26.48,2006
12,13,Miami Dolphins,16,342,591,57.9,3287,16,2.7,19,3.2,52,6.1,5.1,10.5,205.4,71.2,41,290,6.5,5.2,4.4,0.0,1.0,-97.49,2006
13,14,Chicago Bears,16,282,514,54.9,3281,24,4.7,22,4.3,75,6.7,5.7,12.2,205.1,73.5,25,165,4.6,6.1,5.1,2.0,3.0,-64.4,2006
14,15,Carolina Panthers,16,325,539,60.3,3264,19,3.5,17,3.2,72,6.5,5.8,10.7,204.0,77.9,32,222,5.6,5.7,5.0,2.0,2.0,-43.74,2006
15,16,San Diego Chargers,16,287,466,61.6,3262,24,5.2,9,1.9,57,7.3,7.5,11.9,203.9,93.0,28,150,5.7,6.6,6.8,4.0,4.0,32.25,2006
16,17,New York Jets,16,313,488,64.1,3153,17,3.5,16,3.3,71,6.9,6.1,10.7,197.1,82.1,34,199,6.5,6.0,5.3,1.0,2.0,1.91,2006
17,18,Minnesota Vikings,16,332,540,61.5,3123,13,2.4,20,3.7,50,6.3,5.1,10.2,195.2,72.2,43,279,7.4,5.4,4.3,2.0,3.0,-118.61,2006
18,19,New York Giants,16,301,523,57.6,3058,24,4.6,18,3.4,55,6.2,5.6,10.8,191.1,76.8,25,186,4.6,5.6,5.0,2.0,2.0,-57.37,2006
19,20,Seattle Seahawks,16,292,512,57.0,3054,26,5.1,22,4.3,72,6.6,5.7,11.5,190.9,76.0,49,315,8.7,5.4,4.6,4.0,5.0,-69.41,2006
20,21,Washington Redskins,16,274,470,58.3,3027,19,4.0,10,2.1,74,6.8,6.6,11.6,189.2,83.4,19,147,3.9,6.2,6.0,2.0,2.0,-8.62,2006
21,22,Kansas City Chiefs,16,272,450,60.4,3000,18,4.0,12,2.7,78,7.2,6.8,11.9,187.5,84.7,41,243,8.4,6.1,5.7,3.0,4.0,-15.36,2006
22,23,Cleveland Browns,16,318,512,62.1,2898,15,2.9,25,4.9,75,6.3,4.7,10.2,181.1,69.7,54,349,9.5,5.1,3.7,1.0,1.0,-181.69,2006
23,24,Jacksonville Jaguars,16,266,446,59.6,2882,17,3.8,14,3.1,51,6.9,6.2,11.5,180.1,80.0,30,178,6.3,6.1,5.4,0.0,1.0,-54.58,2006
24,25,Denver Broncos,16,256,454,56.4,2799,20,4.4,18,4.0,83,6.6,5.7,11.7,174.9,74.7,31,196,6.4,5.8,4.9,2.0,3.0,-81.01,2006
25,26,Tampa Bay Buccaneers,16,296,535,55.3,2798,14,2.6,18,3.4,64,5.6,4.6,10.1,174.9,66.2,33,196,5.8,4.9,4.0,2.0,3.0,-200.46,2006
26,27,Houston Texans,16,329,481,68.4,2778,14,2.9,13,2.7,53,6.3,5.7,9.2,173.6,83.8,43,254,8.2,5.3,4.7,1.0,3.0,-71.23,2006
27,28,Buffalo Bills,16,268,431,62.2,2719,19,4.4,14,3.2,83,7.1,6.5,11.4,169.9,84.6,47,332,9.8,5.7,5.2,1.0,3.0,-68.6,2006
28,29,San Francisco 49ers,16,257,444,57.9,2688,16,3.6,16,3.6,75,6.5,5.6,11.2,168.0,74.4,35,202,7.3,5.6,4.8,1.0,2.0,-82.37,2006
29,30,Tennessee Titans,16,226,447,50.6,2596,13,2.9,19,4.3,53,6.1,4.8,12.2,162.3,61.8,29,152,6.1,5.5,4.2,4.0,5.0,-99.52,2006
30,31,Oakland Raiders,16,263,483,54.5,2420,7,1.4,24,5.0,57,5.9,4.0,10.8,151.3,56.2,72,430,13.0,4.4,2.7,,,-213.88,2006
31,32,Atlanta Falcons,16,222,416,53.4,2371,21,5.0,15,3.6,55,6.4,5.8,12.1,148.2,75.2,47,311,10.2,5.1,4.6,0.0,1.0,-69.18,2006
0,1,New England Patriots,16,403,586,68.8,4731,50,8.5,9,1.5,69,8.3,9.3,12.1,295.7,116.0,21,128,3.5,7.8,8.8,4.0,4.0,207.3,2007
1,2,Green Bay Packers,16,383,578,66.3,4334,30,5.2,15,2.6,82,7.7,7.6,11.6,270.9,95.9,19,127,3.2,7.3,7.1,2.0,4.0,64.6,2007
2,3,New Orleans Saints,16,440,652,67.5,4314,28,4.3,18,2.8,58,6.8,6.4,10.1,269.6,89.4,16,109,2.4,6.5,6.1,1.0,1.0,37.37,2007
3,4,Dallas Cowboys,16,342,531,64.4,4105,36,6.8,19,3.6,59,8.1,7.8,12.5,256.6,97.1,25,185,4.5,7.4,7.1,2.0,2.0,90.41,2007
4,5,Arizona Cardinals,16,356,590,60.3,4065,32,5.4,24,4.1,62,7.2,6.4,11.9,254.1,83.4,24,163,3.9,6.6,5.9,2.0,2.0,-47.8,2007
5,6,Indianapolis Colts,16,355,551,64.4,4033,32,5.8,14,2.5,73,7.6,7.6,11.8,252.1,96.1,23,139,4.0,7.0,7.0,1.0,2.0,126.3,2007
6,7,Cincinnati Bengals,16,373,575,64.9,4012,26,4.5,20,3.5,70,7.2,6.5,11.1,250.8,86.7,17,119,2.9,6.8,6.1,2.0,2.0,24.37,2007
7,8,Seattle Seahawks,16,371,590,62.9,3964,30,5.1,13,2.2,65,7.1,7.1,11.3,247.8,91.8,36,217,5.8,6.3,6.4,2.0,2.0,12.63,2007
8,9,Detroit Lions,16,368,587,62.7,3878,19,3.2,22,3.7,91,7.2,6.1,11.5,242.4,79.4,54,338,8.4,6.0,5.1,2.0,3.0,-47.34,2007
9,10,Philadelphia Eagles,16,350,577,60.7,3755,24,4.2,15,2.6,75,6.9,6.6,11.4,234.7,84.6,49,250,7.8,6.0,5.7,1.0,1.0,-0.89,2007
10,11,Houston Texans,16,346,529,65.4,3751,24,4.5,21,4.0,77,7.4,6.5,11.3,234.4,86.1,22,174,4.0,6.8,6.0,1.0,1.0,-44.0,2007
11,12,Cleveland Browns,16,305,545,56.0,3726,29,5.3,20,3.7,78,7.1,6.5,12.7,232.9,80.7,19,140,3.4,6.6,6.0,2.0,2.0,-58.03,2007
12,13,Denver Broncos,16,326,515,63.3,3584,21,4.1,15,2.9,68,7.3,6.8,11.5,224.0,86.7,32,175,5.9,6.6,6.1,2.0,3.0,4.25,2007
13,14,Washington Redskins,16,319,525,60.8,3463,18,3.4,11,2.1,54,6.9,6.6,11.4,216.4,84.2,29,159,5.2,6.3,6.0,1.0,2.0,-13.42,2007
14,15,Chicago Bears,16,327,569,57.5,3362,18,3.2,21,3.7,81,6.5,5.5,11.3,210.1,72.2,43,339,7.0,5.5,4.5,4.0,4.0,-98.91,2007
15,16,Tampa Bay Buccaneers,16,316,490,64.5,3357,18,3.7,8,1.6,69,7.3,7.3,11.3,209.8,91.7,36,222,6.8,6.4,6.4,1.0,2.0,-82.22,2007
16,17,Jacksonville Jaguars,16,288,469,61.4,3328,28,6.0,8,1.7,80,7.5,7.9,12.1,208.0,97.1,31,167,6.2,6.7,7.1,2.0,3.0,60.65,2007
17,18,Atlanta Falcons,16,336,555,60.5,3293,18,3.2,15,2.7,74,6.4,5.9,10.6,205.8,78.9,47,277,7.8,5.5,4.9,1.0,2.0,-107.52,2007
18,19,St. Louis Rams,16,333,574,58.0,3233,19,3.3,28,4.9,40,6.2,4.7,10.7,202.1,67.0,48,328,7.7,5.2,3.8,,,-111.66,2007
19,20,Kansas City Chiefs,16,335,563,59.5,3181,17,3.0,20,3.6,58,6.3,5.3,10.5,198.8,73.0,55,344,8.9,5.1,4.2,2.0,3.0,-105.5,2007
20,21,New York Giants,16,302,544,55.5,3154,23,4.2,20,3.7,60,6.2,5.4,11.2,197.1,73.0,28,222,4.9,5.5,4.7,3.0,3.0,-95.78,2007
21,22,Pittsburgh Steelers,16,282,442,63.8,3071,34,7.7,14,3.2,83,7.7,7.8,12.1,191.9,99.9,47,347,9.6,6.3,6.4,1.0,2.0,30.85,2007
22,23,Baltimore Ravens,16,341,557,61.2,3035,13,2.3,14,2.5,79,5.9,5.3,9.7,189.7,75.2,39,273,6.5,5.1,4.5,0.0,1.0,-119.27,2007
23,24,Miami Dolphins,16,318,558,57.0,3031,12,2.2,16,2.9,64,5.9,5.1,10.4,189.4,69.6,42,288,7.0,5.1,4.3,1.0,1.0,-104.6,2007
24,25,New York Jets,16,310,512,60.5,3014,15,2.9,19,3.7,57,6.5,5.4,10.7,188.4,73.9,53,316,9.4,5.3,4.4,1.0,2.0,-100.36,2007
25,26,San Diego Chargers,16,281,471,59.7,3005,22,4.7,16,3.4,49,6.7,6.1,11.3,187.8,81.3,24,170,4.8,6.1,5.5,1.0,1.0,-26.35,2007
26,27,Tennessee Titans,16,288,464,62.1,2878,9,1.9,17,3.7,73,6.6,5.4,10.7,179.9,72.6,30,199,6.1,5.8,4.6,1.0,2.0,-48.43,2007
27,28,Minnesota Vikings,16,249,432,57.6,2745,12,2.8,14,3.2,79,6.8,5.9,11.8,171.6,74.2,38,193,8.1,5.8,5.0,2.0,3.0,-40.66,2007
28,29,Carolina Panthers,16,285,505,56.4,2735,19,3.8,17,3.4,74,5.8,5.1,10.3,170.9,71.9,33,206,6.1,5.1,4.4,2.0,3.0,-75.52,2007
29,30,Buffalo Bills,16,263,445,59.1,2634,12,2.7,14,3.1,85,6.4,5.5,10.8,164.6,73.8,26,208,5.5,5.6,4.8,3.0,5.0,-97.57,2007
30,31,Oakland Raiders,16,260,451,57.6,2631,17,3.8,20,4.4,59,6.4,5.2,11.1,164.4,70.9,41,262,8.3,5.3,4.2,1.0,1.0,-82.32,2007
31,32,San Francisco 49ers,16,274,513,53.4,2320,15,2.9,17,3.3,57,5.2,4.3,9.8,145.0,64.3,55,365,9.7,4.1,3.3,3.0,2.0,-237.06,2007
0,1,New Orleans Saints,16,413,636,64.9,4977,34,5.3,18,2.8,84,8.0,7.8,12.3,311.1,95.4,13,92,2.0,7.7,7.5,2.0,2.0,105.43,2008
1,2,Arizona Cardinals,16,418,630,66.3,4674,31,4.9,15,2.4,79,7.7,7.7,11.7,292.1,96.1,28,201,4.3,7.1,7.0,1.0,1.0,93.52,2008
2,3,Denver Broncos,16,386,620,62.3,4471,25,4.0,18,2.9,93,7.3,6.8,11.8,279.4,85.9,12,74,1.9,7.1,6.6,3.0,4.0,70.84,2008
3,4,Houston Texans,16,367,555,66.1,4267,21,3.8,20,3.6,65,8.1,7.2,12.2,266.7,88.4,32,207,5.5,7.3,6.5,2.0,2.0,-21.81,2008
4,5,Indianapolis Colts,16,393,585,67.2,4094,27,4.6,12,2.1,75,7.1,7.1,10.6,255.9,94.7,14,86,2.3,6.8,6.8,4.0,6.0,101.97,2008
5,6,Philadelphia Eagles,16,362,606,59.7,3911,23,3.8,16,2.6,90,6.7,6.3,11.2,244.4,81.4,23,149,3.7,6.2,5.8,2.0,1.0,-2.37,2008
6,7,San Diego Chargers,16,312,478,65.3,3858,34,7.1,11,2.3,67,8.4,8.8,12.8,241.1,105.5,25,151,5.0,7.7,8.0,3.0,4.0,77.21,2008
7,8,Green Bay Packers,16,343,541,63.4,3813,28,5.2,13,2.4,71,7.5,7.4,11.8,238.3,93.3,34,231,5.9,6.6,6.6,1.0,2.0,35.57,2008
8,9,Dallas Cowboys,16,328,547,60.0,3789,29,5.3,20,3.7,75,7.3,6.7,12.2,236.8,84.9,31,199,5.4,6.6,6.0,2.0,2.0,-26.73,2008
9,10,Miami Dolphins,16,330,491,67.2,3632,20,4.1,7,1.4,80,7.7,7.8,11.4,227.0,97.6,26,129,5.0,7.0,7.2,1.0,2.0,30.72,2008
10,11,Tampa Bay Buccaneers,16,355,562,63.2,3619,18,3.2,13,2.3,71,6.7,6.3,10.7,226.2,83.8,32,169,5.4,6.1,5.7,3.0,5.0,-63.7,2008
11,12,New England Patriots,16,339,534,63.5,3569,21,3.9,11,2.1,76,7.1,7.0,11.2,223.1,89.1,48,221,8.2,6.1,6.0,2.0,2.0,13.74,2008
12,13,San Francisco 49ers,16,309,509,60.7,3379,21,4.1,19,3.7,63,7.3,6.5,12.1,211.2,81.4,55,345,9.8,6.0,5.2,3.0,4.0,-65.6,2008
13,14,Atlanta Falcons,16,265,434,61.1,3336,16,3.7,11,2.5,70,7.9,7.5,13.0,208.5,87.7,17,104,3.8,7.4,7.0,2.0,4.0,61.2,2008
14,15,Jacksonville Jaguars,16,335,537,62.4,3332,15,2.8,13,2.4,41,6.7,6.2,10.8,208.3,81.4,42,288,7.3,5.8,5.3,3.0,3.0,-22.38,2008
15,16,New York Jets,16,347,529,65.6,3303,22,4.2,23,4.3,56,6.6,5.5,10.1,206.4,80.2,30,213,5.4,5.9,4.8,1.0,2.0,-5.03,2008
16,17,Pittsburgh Steelers,16,303,506,59.9,3301,19,3.8,15,3.0,65,7.1,6.5,11.9,206.3,81.9,49,306,8.8,5.9,5.4,4.0,4.0,-61.19,2008
17,18,New York Giants,16,298,491,60.7,3177,23,4.7,10,2.0,48,6.8,6.8,11.3,198.6,88.2,28,176,5.4,6.1,6.1,3.0,3.0,18.71,2008
18,19,Carolina Panthers,16,246,414,59.4,3158,15,3.6,12,2.9,65,7.9,7.4,13.4,197.4,84.7,20,130,4.6,7.3,6.7,4.0,5.0,-4.15,2008
19,20,Kansas City Chiefs,16,310,541,57.3,3129,23,4.3,16,3.0,75,6.2,5.7,10.8,195.6,77.5,37,229,6.4,5.4,5.0,0.0,1.0,-70.43,2008
20,21,Chicago Bears,16,304,528,57.6,3061,20,3.8,14,2.7,65,6.1,5.7,10.6,191.3,77.1,29,168,5.2,5.5,5.1,3.0,3.0,-105.03,2008
21,22,Buffalo Bills,16,309,479,64.5,3040,14,2.9,15,3.1,87,6.9,6.1,10.7,190.0,81.3,38,262,7.4,5.9,5.1,3.0,3.0,-88.49,2008
22,23,Washington Redskins,16,318,510,62.4,3025,14,2.7,6,1.2,67,6.5,6.5,10.3,189.1,85.2,38,266,6.9,5.5,5.5,1.0,3.0,-77.42,2008
23,24,Detroit Lions,16,281,509,55.2,2960,18,3.5,19,3.7,96,6.5,5.5,11.7,185.0,71.3,52,339,9.3,5.3,4.4,,,-135.13,2008
24,25,Minnesota Vikings,16,267,452,59.1,2956,22,4.9,17,3.8,99,7.1,6.4,12.0,184.8,81.5,43,261,8.7,6.0,5.3,5.0,5.0,-12.32,2008
25,26,St. Louis Rams,16,292,520,56.2,2947,11,2.1,19,3.7,80,6.3,5.1,11.2,184.2,66.9,45,321,8.0,5.2,4.1,1.0,1.0,-164.26,2008
26,27,Tennessee Titans,16,265,453,58.5,2819,13,2.9,9,2.0,56,6.4,6.1,11.0,176.2,78.8,12,83,2.6,6.1,5.8,1.0,3.0,13.75,2008
27,28,Baltimore Ravens,16,261,433,60.3,2808,16,3.7,12,2.8,70,7.1,6.6,11.8,175.5,82.8,33,277,7.1,6.0,5.6,1.0,1.0,-66.17,2008
28,29,Seattle Seahawks,16,262,474,55.3,2617,18,3.8,15,3.2,90,6.0,5.3,10.8,163.6,72.5,36,214,7.1,5.1,4.5,1.0,1.0,-65.33,2008
29,30,Cincinnati Bengals,16,303,513,59.1,2406,11,2.1,15,2.9,79,5.2,4.3,8.8,150.4,68.0,51,271,9.0,4.3,3.5,,,-168.38,2008
30,31,Cleveland Browns,16,238,488,48.8,2380,11,2.3,20,4.1,70,5.2,3.8,10.7,148.8,54.8,24,157,4.7,4.6,3.3,2.0,3.0,-161.27,2008
31,32,Oakland Raiders,16,222,421,52.7,2369,13,3.1,11,2.6,84,6.3,5.7,11.9,148.1,71.6,39,270,8.5,5.2,4.6,1.0,2.0,-103.28,2008
0,1,Houston Texans,16,399,593,67.3,4654,29,4.9,17,2.9,72,8.1,7.8,12.0,290.9,96.3,25,149,4.0,7.5,7.2,2.0,4.0,89.38,2009
1,2,Indianapolis Colts,16,402,601,66.9,4515,34,5.7,19,3.2,80,7.7,7.4,11.5,282.2,95.4,13,90,2.1,7.4,7.1,7.0,7.0,164.84,2009
2,3,New England Patriots,16,390,592,65.9,4436,28,4.7,13,2.2,81,7.7,7.6,11.6,277.3,95.6,18,104,3.0,7.3,7.2,1.0,1.0,76.95,2009
3,4,New Orleans Saints,16,378,544,69.5,4355,34,6.3,12,2.2,75,8.3,8.5,11.9,272.2,106.0,20,135,3.5,7.7,8.0,2.0,4.0,137.36,2009
4,5,San Diego Chargers,16,338,519,65.1,4338,29,5.6,10,1.9,81,8.7,8.9,13.3,271.1,103.1,26,168,4.8,8.0,8.2,3.0,5.0,110.33,2009
5,6,Dallas Cowboys,16,347,550,63.1,4287,26,4.7,9,1.6,80,8.2,8.4,12.9,267.9,97.6,34,196,5.8,7.3,7.5,3.0,3.0,34.16,2009
6,7,Green Bay Packers,16,357,553,64.6,4180,30,5.4,8,1.4,83,8.1,8.6,12.6,261.3,101.8,51,312,8.4,6.9,7.3,2.0,2.0,77.06,2009
7,8,Minnesota Vikings,16,377,553,68.2,4156,34,6.1,7,1.3,63,8.0,8.6,11.7,259.8,107.3,34,247,5.8,7.1,7.7,2.0,2.0,160.28,2009
8,9,Pittsburgh Steelers,16,351,536,65.5,4148,28,5.2,14,2.6,60,8.4,8.3,12.8,259.3,98.1,50,348,8.5,7.1,7.0,2.0,3.0,33.64,2009
9,10,Philadelphia Eagles,16,335,553,60.6,4089,27,4.9,13,2.4,71,7.9,7.8,13.1,255.6,92.0,38,291,6.4,6.9,6.8,2.0,3.0,-0.58,2009
10,11,New York Giants,16,338,542,62.4,4019,28,5.2,14,2.6,74,7.8,7.7,12.6,251.2,93.2,32,227,5.6,7.0,6.9,1.0,2.0,61.56,2009
11,12,Arizona Cardinals,16,392,594,66.0,4016,27,4.5,18,3.0,45,7.1,6.6,10.7,251.0,89.1,26,184,4.2,6.5,6.0,1.0,2.0,-17.36,2009
12,13,Denver Broncos,16,341,558,61.1,3627,21,3.8,13,2.3,87,6.9,6.6,11.2,226.7,84.4,34,198,5.7,6.1,5.8,3.0,3.0,-29.76,2009
13,14,Atlanta Falcons,16,332,570,58.2,3571,26,4.6,17,3.0,90,6.5,6.1,11.1,223.2,80.4,27,126,4.5,6.0,5.6,2.0,4.0,5.22,2009
14,15,Seattle Seahawks,16,372,609,61.1,3503,20,3.3,19,3.1,53,6.2,5.4,10.1,218.9,76.7,41,268,6.3,5.4,4.7,0.0,1.0,-92.3,2009
15,16,Washington Redskins,16,340,533,63.8,3490,21,3.9,16,3.0,84,7.1,6.6,11.2,218.1,85.5,46,307,7.9,6.0,5.5,1.0,1.0,-52.22,2009
16,17,Chicago Bears,16,340,563,60.4,3473,27,4.8,27,4.8,71,6.5,5.3,10.8,217.1,75.6,35,204,5.9,5.8,4.7,2.0,4.0,-100.63,2009
17,18,Baltimore Ravens,16,321,510,62.9,3419,21,4.1,13,2.5,72,7.1,6.8,11.3,213.7,87.4,36,218,6.6,6.3,6.0,1.0,2.0,-11.18,2009
18,19,Jacksonville Jaguars,16,315,519,60.7,3356,15,2.9,10,1.9,63,6.9,6.6,11.4,209.8,83.2,44,243,7.8,6.0,5.7,3.0,4.0,-57.2,2009
19,20,Miami Dolphins,16,331,545,60.7,3170,15,2.8,19,3.5,67,6.2,5.2,10.3,198.1,73.3,34,226,5.9,5.5,4.5,3.0,3.0,-43.71,2009
20,21,Detroit Lions,16,316,585,54.0,3168,16,2.7,32,5.5,75,5.9,4.0,11.0,198.0,58.1,43,303,6.8,5.0,3.3,1.0,1.0,-148.76,2009
21,22,San Francisco 49ers,16,312,528,59.1,3052,23,4.4,14,2.7,73,6.2,5.9,10.6,190.8,80.8,40,241,7.0,5.4,5.1,1.0,1.0,-70.07,2009
22,23,Tennessee Titans,16,271,476,56.9,3031,16,3.4,15,3.2,69,6.5,5.8,11.5,189.4,74.8,15,73,3.1,6.2,5.5,3.0,6.0,-70.45,2009
23,24,Tampa Bay Buccaneers,16,279,524,53.2,2973,18,3.4,29,5.5,47,6.0,4.2,11.2,185.8,59.8,33,161,5.9,5.3,3.6,2.0,2.0,-118.73,2009
24,25,Kansas City Chiefs,16,296,536,55.2,2922,18,3.4,17,3.2,61,5.9,5.2,10.8,182.6,70.8,45,261,7.7,5.0,4.3,1.0,2.0,-106.75,2009
25,26,Cincinnati Bengals,16,286,477,60.0,2890,21,4.4,13,2.7,73,6.6,6.2,11.0,180.6,82.7,29,244,5.7,5.7,5.4,3.0,5.0,-31.31,2009
26,27,Carolina Panthers,16,264,465,56.8,2799,16,3.4,20,4.3,66,6.6,5.4,11.6,174.9,70.5,33,271,6.6,5.6,4.5,2.0,3.0,-57.72,2009
27,28,St. Louis Rams,16,312,543,57.5,2686,12,2.2,21,3.9,50,5.5,4.2,9.5,167.9,64.0,44,284,7.5,4.6,3.4,0.0,1.0,-163.97,2009
28,29,Oakland Raiders,16,255,485,52.6,2557,10,2.1,18,3.7,86,5.9,4.7,11.3,159.8,62.0,49,318,9.2,4.8,3.6,4.0,4.0,-181.93,2009
29,30,Buffalo Bills,16,256,441,58.0,2515,17,3.9,19,4.3,98,6.3,5.2,10.9,157.2,71.7,46,274,9.4,5.2,4.1,1.0,2.0,-98.88,2009
30,31,New York Jets,16,210,393,53.4,2380,12,3.1,21,5.3,65,6.6,4.8,12.4,148.8,62.0,30,216,7.1,5.6,4.0,,,-74.97,2009
31,32,Cleveland Browns,16,219,443,49.4,2076,11,2.5,18,4.1,59,5.1,3.8,10.3,129.8,55.8,30,179,6.3,4.4,3.1,0.0,2.0,-152.34,2009
0,1,Indianapolis Colts,16,450,679,66.3,4609,33,4.9,17,2.5,73,6.9,6.8,10.4,288.1,91.9,16,91,2.3,6.6,6.5,0.0,2.0,103.16,2010
1,2,San Diego Chargers,16,359,544,66.0,4519,30,5.5,13,2.4,59,8.7,8.8,13.2,282.4,101.9,38,227,6.5,7.8,7.8,1.0,1.0,117.04,2010
2,3,New Orleans Saints,16,450,661,68.1,4441,33,5.0,22,3.3,80,7.0,6.5,10.3,277.6,90.8,26,195,3.8,6.5,6.0,4.0,5.0,79.91,2010
3,4,Houston Texans,16,365,574,63.6,4144,24,4.2,12,2.1,60,7.6,7.5,12.0,259.0,92.0,32,226,5.3,6.8,6.7,2.0,2.0,61.63,2010
4,5,Green Bay Packers,16,352,541,65.1,4124,31,5.7,13,2.4,86,8.0,8.1,12.4,257.8,98.9,38,231,6.6,7.1,7.2,0.0,1.0,79.78,2010
5,6,Dallas Cowboys,16,379,576,65.8,4042,29,5.0,19,3.3,71,7.3,6.8,11.1,252.6,90.4,31,166,5.1,6.7,6.2,2.0,3.0,-20.99,2010
6,7,Denver Broncos,16,334,580,57.6,4038,25,4.3,12,2.1,71,7.4,7.4,12.9,252.4,86.8,40,269,6.5,6.5,6.4,2.0,2.0,2.29,2010
7,8,Washington Redskins,16,349,605,57.7,3913,21,3.5,19,3.1,76,7.0,6.3,12.2,244.6,78.0,46,348,7.1,6.0,5.3,2.0,3.0,-38.61,2010
8,9,Philadelphia Eagles,16,348,561,62.0,3906,28,5.0,13,2.3,91,7.5,7.5,12.1,244.1,92.1,49,309,8.0,6.4,6.4,4.0,3.0,25.24,2010
9,10,New York Giants,16,339,539,62.9,3885,31,5.8,25,4.6,92,7.4,6.5,11.8,242.8,85.3,16,117,2.9,7.0,6.1,1.0,1.0,40.06,2010
10,11,New England Patriots,16,331,507,65.3,3847,37,7.3,5,1.0,79,7.9,8.9,12.2,240.4,109.8,25,175,4.7,7.2,8.2,2.0,3.0,94.97,2010
11,12,Detroit Lions,16,383,633,60.5,3810,26,4.1,16,2.5,87,6.3,6.0,10.4,238.1,82.0,27,191,4.1,5.8,5.5,4.0,3.0,-44.82,2010
12,13,Cincinnati Bengals,16,365,590,61.9,3767,26,4.4,20,3.4,78,6.8,6.1,10.9,235.4,82.4,28,221,4.5,6.1,5.5,1.0,1.0,-12.18,2010
13,14,Pittsburgh Steelers,16,298,479,62.2,3601,22,4.6,9,1.9,56,8.1,8.2,13.1,225.1,95.2,43,289,8.2,6.9,7.0,2.0,4.0,-13.33,2010
14,15,Atlanta Falcons,16,361,577,62.6,3567,28,4.9,9,1.6,46,6.5,6.7,10.3,222.9,90.8,23,158,3.8,5.9,6.2,5.0,6.0,63.64,2010
15,16,Miami Dolphins,16,335,557,60.1,3527,17,3.1,21,3.8,57,6.7,5.7,11.2,220.4,74.8,38,228,6.4,5.9,4.9,0.0,1.0,-62.67,2010
16,17,Tampa Bay Buccaneers,16,306,494,61.9,3361,26,5.3,6,1.2,64,7.2,7.7,11.6,210.1,96.2,30,203,5.7,6.4,6.9,5.0,5.0,-0.56,2010
17,18,San Francisco 49ers,16,282,500,56.4,3356,19,3.8,15,3.0,66,7.2,6.6,12.8,209.8,79.4,44,257,8.1,6.2,5.6,2.0,2.0,-25.12,2010
18,19,Seattle Seahawks,16,324,544,59.6,3341,14,2.6,20,3.7,87,6.5,5.4,10.9,208.8,72.1,35,195,6.0,5.8,4.7,0.0,0.0,-92.97,2010
19,20,Baltimore Ravens,16,308,491,62.7,3335,25,5.1,10,2.0,67,7.4,7.5,11.8,208.4,93.6,40,294,7.5,6.3,6.4,2.0,4.0,38.02,2010
20,21,St. Louis Rams,16,354,590,60.0,3268,18,3.1,15,2.5,49,6.0,5.4,9.9,204.3,76.5,34,244,5.4,5.2,4.7,,,-79.28,2010
21,22,New York Jets,16,288,525,54.9,3242,20,3.8,14,2.7,74,6.5,6.1,11.9,202.6,76.5,28,178,5.1,5.9,5.4,3.0,5.0,-47.35,2010
22,23,Oakland Raiders,16,279,491,56.8,3180,18,3.7,16,3.3,73,7.1,6.3,12.4,198.8,77.5,44,291,8.2,5.9,5.3,2.0,2.0,-47.46,2010
23,24,Buffalo Bills,16,296,519,57.0,3158,24,4.6,21,4.0,65,6.5,5.6,11.4,197.4,75.2,34,213,6.1,5.7,4.9,1.0,1.0,-88.79,2010
24,25,Tennessee Titans,16,273,474,57.6,3107,24,5.1,15,3.2,80,6.9,6.5,12.0,194.2,82.6,27,171,5.4,6.2,5.8,1.0,2.0,35.49,2010
25,26,Minnesota Vikings,16,305,505,60.4,3097,14,2.8,26,5.1,53,6.6,4.8,10.9,193.6,67.7,36,230,6.7,5.7,4.1,1.0,2.0,-67.68,2010
26,27,Jacksonville Jaguars,16,291,469,62.0,3065,26,5.5,21,4.5,75,7.2,6.2,11.5,191.6,83.4,38,291,7.5,6.0,5.2,1.0,5.0,-28.21,2010
27,28,Chicago Bears,16,276,466,59.2,3015,23,4.9,21,4.5,89,7.3,6.2,12.3,188.4,79.5,56,382,10.7,5.8,4.8,4.0,4.0,-104.1,2010
28,29,Cleveland Browns,16,296,478,61.9,2989,13,2.7,18,3.8,65,6.7,5.6,10.8,186.8,75.0,36,214,7.0,5.8,4.7,1.0,2.0,-70.35,2010
29,30,Kansas City Chiefs,16,274,475,57.7,2968,27,5.7,8,1.7,75,6.7,7.1,11.6,185.5,90.1,32,221,6.3,5.9,6.2,1.0,2.0,-8.83,2010
30,31,Arizona Cardinals,16,285,561,50.8,2921,10,1.8,19,3.4,74,5.8,4.7,11.5,182.6,60.5,50,343,8.2,4.8,3.7,2.0,3.0,-159.18,2010
31,32,Carolina Panthers,16,256,484,52.9,2289,9,1.9,21,4.3,88,5.4,3.9,10.3,143.1,57.0,50,346,9.4,4.3,2.9,1.0,1.0,-176.2,2010
0,1,New Orleans Saints,16,472,662,71.3,5347,46,6.9,14,2.1,79,8.3,8.8,11.7,334.2,110.5,24,158,3.5,7.8,8.2,3.0,4.0,195.28,2011
1,2,New England Patriots,16,402,612,65.7,5084,39,6.4,12,2.0,99,8.6,9.0,13.1,317.8,105.7,32,173,5.0,7.9,8.3,1.0,2.0,184.43,2011
2,3,Green Bay Packers,16,376,552,68.1,4924,51,9.2,8,1.4,93,9.3,10.5,13.7,307.8,122.6,41,237,6.9,8.3,9.4,1.0,2.0,178.73,2011
3,4,Detroit Lions,16,423,666,63.5,4814,41,6.2,16,2.4,73,7.6,7.8,12.0,300.9,97.2,36,257,5.1,6.9,7.0,3.0,4.0,87.26,2011
4,5,New York Giants,16,359,589,61.0,4734,29,4.9,16,2.7,99,8.4,8.1,13.7,295.9,92.9,28,199,4.5,7.7,7.4,5.0,6.0,97.15,2011
5,6,San Diego Chargers,16,366,582,62.9,4426,27,4.6,20,3.4,58,7.9,7.3,12.6,276.6,88.7,30,198,4.9,7.2,6.6,1.0,1.0,45.53,2011
6,7,Dallas Cowboys,16,376,570,66.0,4201,33,5.8,12,2.1,77,7.8,8.0,11.8,262.6,100.1,39,252,6.4,6.9,7.1,4.0,4.0,61.74,2011
7,8,Atlanta Falcons,16,365,594,61.4,4192,29,4.9,13,2.2,80,7.3,7.3,12.0,262.0,91.1,26,173,4.2,6.8,6.8,3.0,3.0,61.72,2011
8,9,Philadelphia Eagles,16,330,554,59.6,4110,22,4.0,25,4.5,73,7.7,6.5,13.0,256.9,78.3,32,166,5.5,7.0,5.8,0.0,1.0,-24.82,2011
9,10,Pittsburgh Steelers,16,341,539,63.3,4054,21,3.9,15,2.8,95,8.0,7.6,12.7,253.4,89.7,42,279,7.2,7.0,6.5,1.0,1.0,-9.51,2011
10,11,Oakland Raiders,16,315,524,60.1,3962,20,3.8,23,4.4,78,7.9,6.6,13.1,247.6,79.4,25,157,4.6,7.2,6.1,1.0,2.0,-30.61,2011
11,12,Tennessee Titans,16,353,584,60.4,3923,22,3.8,14,2.4,80,7.0,6.7,11.7,245.2,84.4,24,190,3.9,6.5,6.1,2.0,3.0,-2.36,2011
12,13,Carolina Panthers,16,312,519,60.1,3829,21,4.0,17,3.3,91,7.9,7.2,13.1,239.3,84.8,35,260,6.3,6.9,6.3,1.0,1.0,10.36,2011
13,14,Washington Redskins,16,346,591,58.5,3773,19,3.2,24,4.1,51,6.9,5.7,11.7,235.8,73.3,41,285,6.5,6.0,4.9,2.0,2.0,-96.27,2011
14,15,Buffalo Bills,16,356,578,61.6,3703,24,4.2,25,4.3,60,6.7,5.6,10.8,231.4,77.0,23,154,3.8,6.2,5.1,2.0,2.0,-61.82,2011
15,16,Tampa Bay Buccaneers,16,365,588,62.1,3650,17,2.9,24,4.1,65,6.5,5.3,10.5,228.1,73.6,32,188,5.2,5.9,4.7,1.0,2.0,-121.12,2011
16,17,Arizona Cardinals,16,307,550,55.8,3567,21,3.8,23,4.2,73,7.2,6.1,12.9,222.9,73.9,54,387,8.9,5.9,4.9,6.0,6.0,-55.04,2011
17,18,Houston Texans,16,288,467,61.7,3506,20,4.3,9,1.9,80,7.9,7.9,12.8,219.1,92.7,33,190,6.6,7.0,7.0,1.0,3.0,20.22,2011
18,19,Baltimore Ravens,16,314,544,57.7,3423,21,3.9,12,2.2,74,6.7,6.5,11.6,213.9,81.7,33,206,5.7,5.9,5.7,2.0,3.0,18.28,2011
19,20,Cincinnati Bengals,16,308,535,57.6,3340,21,3.9,14,2.6,84,6.6,6.2,11.4,208.8,79.6,25,167,4.5,6.0,5.6,5.0,5.0,-23.05,2011
20,21,New York Jets,16,310,547,56.7,3297,26,4.8,18,3.3,74,6.5,5.9,11.4,206.1,78.4,40,245,6.8,5.6,5.1,4.0,4.0,-95.61,2011
21,22,Seattle Seahawks,16,299,509,58.7,3105,15,2.9,14,2.8,61,6.8,6.1,11.5,194.1,77.6,50,339,8.9,5.6,5.0,1.0,1.0,-49.87,2011
22,23,Miami Dolphins,16,280,469,59.7,3091,20,4.3,13,2.8,65,7.3,6.9,12.2,193.2,84.9,52,334,10.0,5.9,5.6,1.0,1.0,-32.91,2011
23,24,Cleveland Browns,16,320,570,56.1,3090,16,2.8,13,2.3,76,5.8,5.3,10.3,193.1,72.8,39,210,6.4,5.1,4.6,1.0,3.0,-85.14,2011
24,25,Kansas City Chiefs,16,299,500,59.8,3080,13,2.6,18,3.6,52,6.6,5.5,11.0,192.5,73.0,34,208,6.4,5.8,4.7,1.0,2.0,-71.5,2011
25,26,Chicago Bears,16,268,473,56.7,3011,18,3.8,20,4.2,81,7.1,5.9,12.5,188.2,73.8,49,335,9.4,5.8,4.7,1.0,1.0,-117.67,2011
26,27,Indianapolis Colts,16,302,534,56.6,2995,14,2.6,14,2.6,87,6.0,5.4,10.7,187.2,72.2,35,228,6.2,5.3,4.6,1.0,1.0,-82.24,2011
27,28,Minnesota Vikings,16,286,510,56.1,2957,20,3.9,17,3.3,72,6.4,5.7,11.4,184.8,74.6,49,298,8.8,5.3,4.6,0.0,2.0,-90.24,2011
28,29,San Francisco 49ers,16,277,451,61.4,2930,18,4.0,5,1.1,56,7.1,7.4,11.5,183.1,91.4,44,263,8.9,5.9,6.2,5.0,5.0,-12.98,2011
29,30,St. Louis Rams,16,292,549,53.2,2870,9,1.6,10,1.8,68,5.9,5.4,11.2,179.4,69.0,55,388,9.1,4.8,4.3,1.0,1.0,-155.47,2011
30,31,Denver Broncos,16,217,429,50.6,2434,20,4.7,13,3.0,56,6.3,5.9,12.5,152.1,73.5,42,274,8.9,5.2,4.8,5.0,5.0,-87.83,2011
31,32,Jacksonville Jaguars,16,240,469,51.2,2179,12,2.6,15,3.2,74,5.4,4.4,10.5,136.2,62.2,44,331,8.6,4.2,3.4,,,-137.83,2011
0,1,New Orleans Saints,16,423,671,63.0,4997,43,6.4,19,2.8,80,7.7,7.7,12.3,312.3,96.4,26,190,3.7,7.2,7.2,1.0,2.0,102.68,2012
1,2,Detroit Lions,16,445,740,60.1,4927,22,3.0,17,2.3,57,6.9,6.5,11.5,307.9,81.5,29,212,3.8,6.4,6.0,3.0,3.0,1.85,2012
2,3,Dallas Cowboys,16,434,658,66.0,4729,29,4.4,19,2.9,85,7.6,7.2,11.5,295.6,91.3,36,263,5.2,6.8,6.4,5.0,5.0,61.5,2012
3,4,New England Patriots,16,402,641,62.7,4662,34,5.3,9,1.4,83,7.6,8.0,12.0,291.4,97.7,27,182,4.0,7.0,7.4,1.0,2.0,190.9,2012
4,5,Denver Broncos,16,402,588,68.4,4534,37,6.3,11,1.9,71,7.9,8.4,11.6,283.4,105.3,21,137,3.4,7.4,7.8,3.0,3.0,172.72,2012
5,6,Atlanta Falcons,16,422,615,68.6,4509,32,5.2,14,2.3,80,7.7,7.7,11.2,281.8,99.1,28,210,4.4,7.0,7.0,4.0,6.0,117.46,2012
6,7,Indianapolis Colts,16,339,628,54.0,4128,23,3.7,18,2.9,70,7.0,6.4,12.9,258.0,76.4,41,246,6.1,6.2,5.6,4.0,7.0,-10.93,2012
7,8,Oakland Raiders,16,376,629,59.8,4084,24,3.8,16,2.5,64,6.8,6.4,11.4,255.3,82.4,27,208,4.1,6.2,5.9,2.0,2.0,-17.81,2012
8,9,Green Bay Packers,16,374,558,67.0,4049,40,7.2,8,1.4,73,7.8,8.6,11.6,253.1,108.3,51,293,8.4,6.6,7.4,2.0,3.0,88.15,2012
9,10,Tampa Bay Buccaneers,16,311,566,54.9,3983,27,4.8,17,3.0,95,7.3,6.9,13.3,248.9,81.8,26,161,4.4,6.7,6.3,1.0,1.0,2.82,2012
10,11,Houston Texans,16,354,554,63.9,3830,22,4.0,13,2.3,60,7.3,7.0,11.4,239.4,89.2,28,216,4.8,6.6,6.3,2.0,2.0,65.61,2012
11,12,New York Giants,16,323,539,59.9,3825,26,4.8,15,2.8,80,7.4,7.1,12.3,239.1,87.2,20,142,3.6,6.8,6.6,3.0,3.0,34.43,2012
12,13,Philadelphia Eagles,16,367,618,59.4,3791,18,2.9,15,2.4,77,6.6,6.1,11.1,236.9,78.6,48,284,7.2,5.7,5.2,4.0,4.0,-88.31,2012
13,14,Pittsburgh Steelers,16,354,574,61.7,3787,27,4.7,14,2.4,82,7.0,6.8,11.3,236.7,88.1,37,225,6.1,6.2,6.1,3.0,4.0,1.6,2012
14,15,Baltimore Ravens,16,334,560,59.6,3739,22,3.9,11,2.0,61,7.1,7.0,12.0,233.7,86.4,38,257,6.4,6.3,6.2,3.0,3.0,84.85,2012
15,16,Carolina Panthers,16,284,490,58.0,3683,19,3.9,12,2.4,82,8.0,7.7,13.8,230.2,86.5,36,244,6.8,7.0,6.7,1.0,1.0,50.12,2012
16,17,Cincinnati Bengals,16,335,540,62.0,3578,28,5.2,16,3.0,73,7.1,6.8,11.4,223.6,88.1,46,229,7.8,6.1,5.8,2.0,4.0,-44.25,2012
17,18,St. Louis Rams,16,332,557,59.6,3550,22,3.9,14,2.5,80,6.8,6.5,11.4,221.9,82.7,35,233,5.9,6.0,5.7,4.0,3.0,-53.35,2012
18,19,Cleveland Browns,16,328,566,58.0,3435,16,2.8,18,3.2,71,6.5,5.6,11.2,214.7,73.5,36,233,6.0,5.7,4.9,1.0,1.0,-72.74,2012
19,20,Washington Redskins,16,291,442,65.8,3422,24,5.4,8,1.8,88,8.3,8.6,12.6,213.9,102.1,33,244,6.9,7.2,7.5,4.0,3.0,42.35,2012
20,21,Jacksonville Jaguars,16,328,586,56.0,3419,20,3.4,17,2.9,81,6.4,5.8,11.4,213.7,74.7,50,327,7.9,5.4,4.8,1.0,1.0,-121.73,2012
21,22,Tennessee Titans,16,318,540,58.9,3323,17,3.1,16,3.0,71,6.6,5.9,11.2,207.7,76.9,39,254,6.7,5.7,5.1,2.0,3.0,-48.58,2012
22,23,San Francisco 49ers,16,289,436,66.3,3298,23,5.3,8,1.8,57,8.1,8.4,12.3,206.1,101.2,41,253,8.6,6.9,7.1,1.0,1.0,31.69,2012
23,24,San Diego Chargers,16,338,528,64.0,3295,26,4.9,15,2.8,80,6.8,6.5,10.7,205.9,88.5,49,311,8.5,5.7,5.4,,,-19.7,2012
24,25,Buffalo Bills,16,309,511,60.5,3269,24,4.7,17,3.3,68,6.7,6.2,11.1,204.3,82.2,30,161,5.5,6.0,5.5,0.0,1.0,-44.82,2012
25,26,Miami Dolphins,16,293,504,58.1,3182,13,2.6,13,2.6,80,6.8,6.2,11.7,198.9,76.7,37,243,6.8,5.9,5.3,1.0,1.0,-16.92,2012
26,27,Seattle Seahawks,16,259,405,64.0,3031,27,6.7,10,2.5,67,8.0,8.2,12.5,189.4,100.6,33,203,7.5,6.9,7.1,3.0,4.0,56.49,2012
27,28,Arizona Cardinals,16,337,608,55.4,3005,11,1.8,21,3.5,53,5.6,4.4,10.0,187.8,63.1,58,378,8.7,4.5,3.4,3.0,3.0,-197.65,2012
28,29,Chicago Bears,16,287,485,59.2,2999,21,4.3,16,3.3,60,6.8,6.2,11.5,187.4,80.4,44,299,8.3,5.7,5.1,1.0,1.0,-20.74,2012
29,30,New York Jets,16,272,493,55.2,2891,14,2.8,19,3.9,66,6.4,5.3,11.7,180.7,68.3,47,287,8.7,5.4,4.3,2.0,2.0,-97.34,2012
30,31,Minnesota Vikings,16,300,483,62.1,2751,18,3.7,12,2.5,65,6.1,5.7,9.8,171.9,81.2,32,184,6.2,5.3,5.0,1.0,2.0,-31.08,2012
31,32,Kansas City Chiefs,16,273,475,57.5,2713,8,1.7,20,4.2,57,6.2,4.6,10.8,169.6,63.8,40,224,7.8,5.3,3.8,1.0,1.0,-137.23,2012
0,1,Denver Broncos,16,461,675,68.3,5444,55,8.1,10,1.5,78,8.3,9.2,12.1,340.3,114.4,20,128,2.9,7.8,8.8,2.0,2.0,287.73,2013
1,2,New Orleans Saints,16,446,651,68.5,4918,39,6.0,12,1.8,76,7.9,8.3,11.6,307.4,104.5,37,244,5.4,7.1,7.5,2.0,2.0,185.93,2013
2,3,Detroit Lions,16,371,634,58.5,4482,29,4.6,19,3.0,87,7.3,6.9,12.5,280.1,84.2,23,168,3.5,6.8,6.4,2.0,3.0,68.02,2013
3,4,San Diego Chargers,16,378,544,69.5,4328,32,5.9,11,2.0,60,8.2,8.5,11.8,270.5,105.5,30,150,5.2,7.5,7.8,4.0,4.0,198.23,2013
4,5,Chicago Bears,16,373,579,64.4,4281,32,5.5,13,2.2,80,7.7,7.8,11.9,267.6,96.9,30,169,4.9,7.0,7.1,4.0,4.0,82.77,2013
5,6,Green Bay Packers,16,366,570,64.2,4268,25,4.4,16,2.8,83,8.0,7.6,12.4,266.8,91.7,45,270,7.3,6.9,6.6,4.0,3.0,96.35,2013
6,7,Atlanta Falcons,16,445,659,67.5,4243,26,3.9,17,2.6,81,6.9,6.5,10.2,265.2,89.5,44,298,6.3,6.0,5.7,1.0,1.0,78.39,2013
7,8,Cincinnati Bengals,16,364,587,62.0,4136,33,5.6,20,3.4,82,7.4,6.9,11.9,258.5,89.0,29,182,4.7,6.7,6.3,1.0,3.0,76.42,2013
8,9,Philadelphia Eagles,16,310,508,61.0,4110,32,6.3,9,1.8,70,8.7,9.1,14.2,256.9,102.7,46,296,8.3,7.4,7.8,1.0,1.0,112.65,2013
9,10,New England Patriots,16,380,628,60.5,4087,25,4.0,11,1.8,81,6.9,6.9,11.4,255.4,87.3,40,256,6.0,6.1,6.1,5.0,5.0,111.56,2013
10,11,Cleveland Browns,16,379,681,55.7,4040,26,3.8,20,2.9,95,6.4,5.9,11.5,252.5,75.7,49,332,6.7,5.5,5.0,1.0,2.0,-69.51,2013
11,12,Pittsburgh Steelers,16,377,586,64.3,4017,28,4.8,14,2.4,67,7.3,7.2,11.4,251.1,92.3,43,289,6.8,6.4,6.3,1.0,3.0,73.16,2013
12,13,Arizona Cardinals,16,363,574,63.2,4002,24,4.2,22,3.8,91,7.5,6.6,11.8,250.1,83.9,41,289,6.7,6.5,5.7,3.0,4.0,43.51,2013
13,14,Dallas Cowboys,16,375,586,64.0,3954,33,5.6,12,2.0,82,7.2,7.4,11.3,247.1,95.7,35,272,5.6,6.4,6.6,2.0,4.0,75.0,2013
14,15,Houston Texans,16,371,633,58.6,3813,19,3.0,22,3.5,66,6.6,5.6,11.3,238.3,74.0,42,370,6.2,5.6,4.7,2.0,2.0,-67.58,2013
15,16,Washington Redskins,16,355,611,58.1,3751,20,3.3,19,3.1,62,6.6,5.9,11.4,234.4,76.1,43,306,6.6,5.7,5.0,1.0,2.0,-32.07,2013
16,17,Indianapolis Colts,16,350,582,60.1,3725,23,4.0,10,1.7,73,6.8,6.8,11.3,232.8,86.5,32,227,5.2,6.1,6.1,3.0,3.0,86.19,2013
17,18,Baltimore Ravens,16,363,619,58.6,3590,19,3.1,23,3.7,74,6.3,5.3,10.8,224.4,72.0,48,324,7.2,5.4,4.4,2.0,4.0,-9.75,2013
18,19,New York Giants,16,325,567,57.3,3588,18,3.2,29,5.1,70,6.8,5.2,11.9,224.3,67.6,40,287,6.6,5.9,4.4,1.0,2.0,-26.23,2013
19,20,Miami Dolphins,16,357,594,60.1,3567,24,4.0,19,3.2,67,6.7,6.0,11.1,222.9,80.1,58,399,8.9,5.5,4.9,4.0,3.0,18.44,2013
20,21,Tennessee Titans,16,328,533,61.5,3496,22,4.1,16,3.0,77,7.0,6.4,11.3,218.5,83.6,37,214,6.5,6.1,5.6,3.0,4.0,59.04,2013
21,22,Jacksonville Jaguars,16,349,592,59.0,3441,16,2.7,21,3.5,67,6.3,5.3,10.7,215.1,71.8,50,310,7.8,5.4,4.4,1.0,1.0,-67.74,2013
22,23,Minnesota Vikings,16,325,546,59.5,3427,18,3.3,19,3.5,79,6.7,5.8,11.2,214.2,76.0,44,218,7.5,5.8,5.0,3.0,2.0,-4.06,2013
23,24,Oakland Raiders,16,298,519,57.4,3340,17,3.3,20,3.9,73,7.0,5.9,12.2,208.8,73.9,44,289,7.8,5.9,4.9,,,-30.22,2013
24,25,Kansas City Chiefs,16,333,546,61.0,3340,24,4.4,8,1.5,71,6.5,6.7,10.7,208.8,88.6,41,221,7.0,5.7,5.9,1.0,1.0,58.82,2013
25,26,Seattle Seahawks,16,267,420,63.6,3236,27,6.4,9,2.1,80,8.4,8.7,13.1,202.3,102.4,44,272,9.5,7.0,7.3,3.0,4.0,113.15,2013
26,27,St. Louis Rams,16,301,506,59.5,3125,22,4.3,11,2.2,81,6.6,6.5,11.2,195.3,84.8,36,235,6.6,5.8,5.7,1.0,1.0,19.8,2013
27,28,Buffalo Bills,16,299,522,57.3,3103,16,3.1,15,2.9,59,6.5,5.8,11.3,193.9,75.0,48,270,8.4,5.4,4.8,2.0,3.0,-48.93,2013
28,29,Carolina Panthers,16,292,473,61.7,3043,24,5.1,13,2.7,79,7.1,6.9,11.6,190.2,88.8,43,336,8.3,5.9,5.7,4.0,4.0,64.58,2013
29,30,San Francisco 49ers,16,244,417,58.5,2979,21,5.0,8,1.9,64,7.7,7.8,13.2,186.2,91.7,39,231,8.6,6.5,6.7,2.0,3.0,71.53,2013
30,31,New York Jets,16,266,480,55.4,2932,13,2.7,22,4.6,69,6.8,5.3,12.3,183.3,66.6,47,338,8.9,5.6,4.2,2.0,5.0,-66.96,2013
31,32,Tampa Bay Buccaneers,16,291,514,56.6,2820,22,4.3,12,2.3,85,6.2,6.0,10.9,176.3,79.6,47,361,8.4,5.0,4.8,2.0,2.0,-37.36,2013
0,1,Indianapolis Colts,16,410,661,62.0,4894,42,6.4,16,2.4,80,7.7,7.8,12.3,305.9,96.8,29,168,4.2,7.1,7.3,1.0,1.0,144.43,2014
1,2,Pittsburgh Steelers,16,411,612,67.2,4825,33,5.4,10,1.6,94,8.2,8.5,12.2,301.6,103.2,33,172,5.1,7.5,7.8,2.0,3.0,180.29,2014
2,3,New Orleans Saints,16,456,659,69.2,4764,33,5.0,17,2.6,69,7.5,7.4,10.9,297.8,97.0,30,188,4.4,6.9,6.8,2.0,2.0,147.22,2014
3,4,Denver Broncos,16,399,607,65.7,4661,40,6.6,15,2.5,86,7.9,8.1,12.0,291.3,101.3,17,118,2.7,7.5,7.7,1.0,1.0,162.22,2014
4,5,Atlanta Falcons,16,418,632,66.1,4553,28,4.4,15,2.4,79,7.5,7.3,11.4,284.6,93.4,31,205,4.7,6.9,6.7,3.0,3.0,93.29,2014
5,6,Philadelphia Eagles,16,384,621,61.8,4356,27,4.3,21,3.4,72,7.4,6.7,11.9,272.3,84.8,32,225,4.9,6.7,6.1,2.0,3.0,75.18,2014
6,7,New York Giants,16,383,607,63.1,4272,30,4.9,14,2.3,80,7.4,7.3,11.7,267.0,92.2,30,198,4.7,6.7,6.7,1.0,1.0,84.41,2014
7,8,Green Bay Packers,16,349,536,65.1,4261,38,7.1,6,1.1,80,8.3,9.2,12.7,266.3,109.9,30,186,5.3,7.5,8.4,1.0,1.0,215.46,2014
8,9,New England Patriots,16,392,609,64.4,4121,34,5.6,9,1.5,69,7.0,7.5,10.9,257.6,97.5,26,170,4.1,6.5,6.9,2.0,2.0,187.79,2014
9,10,San Diego Chargers,16,380,574,66.2,4098,31,5.4,18,3.1,59,7.5,7.2,11.3,256.1,93.4,37,198,6.1,6.7,6.4,3.0,3.0,114.61,2014
10,11,Washington Redskins,16,364,547,66.5,4047,18,3.3,18,3.3,81,8.2,7.3,12.3,252.9,88.8,58,414,9.6,6.7,5.9,1.0,3.0,34.27,2014
11,12,Detroit Lions,16,365,604,60.4,4030,22,3.6,12,2.0,73,7.1,6.9,11.7,251.9,85.9,45,254,6.9,6.2,6.1,5.0,5.0,84.73,2014
12,13,Baltimore Ravens,16,344,554,62.1,3819,27,4.9,12,2.2,80,7.2,7.2,11.6,238.7,91.0,19,167,3.3,6.7,6.7,2.0,2.0,159.57,2014
13,14,Arizona Cardinals,16,320,568,56.3,3808,21,3.7,12,2.1,81,7.0,6.8,12.5,238.0,81.8,28,182,4.7,6.4,6.2,3.0,3.0,51.96,2014
14,15,Chicago Bears,16,396,609,65.0,3792,30,4.9,19,3.1,74,6.6,6.2,10.2,237.0,87.3,41,243,6.3,5.8,5.4,1.0,1.0,0.11,2014
15,16,Dallas Cowboys,16,328,476,68.9,3784,37,7.8,11,2.3,68,8.4,8.9,12.2,236.5,110.9,30,224,5.9,7.5,8.0,3.0,4.0,185.49,2014
16,17,Miami Dolphins,16,394,595,66.2,3729,27,4.5,12,2.0,50,6.8,6.8,10.3,233.1,92.5,46,337,7.2,5.8,5.8,2.0,1.0,81.58,2014
17,18,Buffalo Bills,16,363,579,62.7,3614,23,4.0,13,2.2,84,6.7,6.4,10.6,225.9,86.0,39,242,6.3,5.8,5.6,2.0,3.0,18.12,2014
18,19,Carolina Panthers,16,327,545,60.0,3511,23,4.2,12,2.2,51,7.0,6.9,11.7,219.4,86.2,42,317,7.2,6.0,5.8,3.0,2.0,57.94,2014
19,20,Cleveland Browns,16,274,502,54.6,3465,12,2.4,16,3.2,81,7.3,6.4,13.4,216.6,72.8,31,213,5.8,6.5,5.6,4.0,4.0,24.15,2014
20,21,Cincinnati Bengals,16,323,503,64.2,3421,20,4.0,17,3.4,81,7.1,6.3,11.0,213.8,84.2,23,130,4.4,6.5,5.8,4.0,3.0,16.91,2014
21,22,Tennessee Titans,16,299,513,58.3,3412,20,3.9,16,3.1,80,7.3,6.7,12.5,213.3,81.0,50,326,8.9,6.1,5.5,,,-32.48,2014
22,23,St. Louis Rams,16,327,515,63.5,3400,20,3.9,16,3.1,63,7.2,6.6,11.3,212.5,84.9,47,295,8.4,6.0,5.5,1.0,2.0,1.4,2014
23,24,Houston Texans,16,295,485,60.8,3352,22,4.5,13,2.7,76,7.1,6.8,11.7,209.5,86.4,26,108,5.1,6.6,6.3,1.0,1.0,53.97,2014
24,25,Tampa Bay Buccaneers,16,301,531,56.7,3297,21,4.0,20,3.8,56,6.8,5.9,12.0,206.1,75.2,52,326,8.9,5.7,4.8,1.0,1.0,-19.5,2014
25,26,Oakland Raiders,16,365,629,58.0,3275,22,3.5,16,2.5,77,5.5,5.0,9.5,204.7,74.4,28,181,4.3,5.0,4.6,1.0,1.0,-57.96,2014
26,27,Seattle Seahawks,16,287,454,63.2,3250,20,4.4,7,1.5,80,7.7,7.9,12.2,203.1,95.1,42,242,8.5,6.6,6.7,1.0,4.0,89.42,2014
27,28,Minnesota Vikings,16,322,517,62.3,3244,17,3.3,18,3.5,87,6.9,6.0,11.1,202.8,79.2,51,322,9.0,5.7,4.9,3.0,3.0,7.68,2014
28,29,Kansas City Chiefs,16,320,493,64.9,3182,18,3.7,6,1.2,70,7.0,7.1,10.7,198.9,92.2,49,246,9.0,5.9,6.0,3.0,3.0,59.7,2014
29,30,San Francisco 49ers,16,292,487,60.0,3063,20,4.1,10,2.1,80,7.0,6.9,11.7,191.4,86.3,52,344,9.6,5.7,5.6,3.0,2.0,43.51,2014
30,31,Jacksonville Jaguars,16,325,557,58.3,3001,15,2.7,18,3.2,63,6.2,5.3,10.6,187.6,72.0,71,450,11.3,4.8,4.0,1.0,1.0,-104.4,2014
31,32,New York Jets,16,287,498,57.6,2946,16,3.2,15,3.0,74,6.4,5.7,11.2,184.1,75.1,47,260,8.6,5.4,4.8,1.0,2.0,-16.7,2014
0,1,New Orleans Saints,16,460,667,69.0,4970,32,4.8,12,1.8,80,7.8,8.0,11.3,310.6,100.6,32,235,4.6,7.1,7.3,1.0,2.0,179.28,2015
1,2,Arizona Cardinals,16,353,562,62.8,4616,35,6.2,13,2.3,68,8.5,8.7,13.5,288.5,100.9,27,159,4.6,7.8,8.0,1.0,4.0,201.0,2015
2,3,Pittsburgh Steelers,16,391,590,66.3,4603,26,4.4,21,3.6,88,8.2,7.5,12.3,287.7,91.2,33,219,5.3,7.4,6.7,2.0,3.0,102.05,2015
3,4,San Diego Chargers,16,442,667,66.3,4591,30,4.5,13,1.9,80,7.3,7.3,11.0,286.9,94.5,40,264,5.7,6.5,6.5,1.0,2.0,87.75,2015
4,5,New England Patriots,16,404,629,64.2,4587,36,5.7,7,1.1,76,7.7,8.3,11.9,286.7,101.9,38,225,5.7,6.9,7.5,2.0,2.0,173.24,2015
5,6,Atlanta Falcons,16,410,621,66.0,4379,21,3.4,17,2.7,70,7.4,6.9,11.2,273.7,87.8,32,223,4.9,6.7,6.2,4.0,4.0,123.31,2015
6,7,New York Giants,16,392,623,62.9,4343,36,5.8,14,2.2,87,7.2,7.4,11.5,271.4,94.5,27,157,4.2,6.7,6.8,1.0,2.0,81.8,2015
7,8,Baltimore Ravens,16,426,676,63.0,4271,21,3.1,21,3.1,50,6.6,5.8,10.4,266.9,79.4,24,178,3.4,6.1,5.4,3.0,3.0,11.05,2015
8,9,Detroit Lions,16,420,632,66.5,4212,33,5.2,14,2.2,57,7.1,7.1,10.6,263.3,95.1,44,251,6.5,6.2,6.3,2.0,3.0,78.49,2015
9,10,Jacksonville Jaguars,16,355,607,58.5,4108,35,5.8,18,3.0,90,7.3,7.1,12.5,256.8,88.1,51,320,7.8,6.2,6.1,3.0,4.0,48.17,2015
10,11,Washington Redskins,16,386,555,69.5,4095,30,5.4,11,2.0,78,7.7,7.9,11.1,255.9,102.0,27,199,4.6,7.0,7.2,2.0,3.0,131.48,2015
11,12,Philadelphia Eagles,16,405,623,65.0,4087,23,3.7,18,2.9,78,7.0,6.4,10.7,255.4,85.6,37,254,5.6,6.2,5.7,0.0,2.0,36.96,2015
12,13,New York Jets,16,362,604,59.9,4057,33,5.5,16,2.6,69,6.9,6.8,11.5,253.6,88.0,22,113,3.5,6.5,6.4,2.0,3.0,97.1,2015
13,14,Denver Broncos,16,368,606,60.7,3970,19,3.1,23,3.8,75,7.0,5.9,11.5,248.1,76.3,39,246,6.0,6.2,5.1,5.0,5.0,0.38,2015
14,15,Cincinnati Bengals,16,334,505,66.1,3923,31,6.1,9,1.8,80,8.1,8.6,12.3,245.2,104.1,32,181,6.0,7.3,7.7,3.0,3.0,143.69,2015
15,16,Oakland Raiders,16,373,605,61.7,3879,34,5.6,14,2.3,68,6.8,6.9,11.1,242.4,91.0,33,250,5.2,6.1,6.2,4.0,4.0,56.83,2015
16,17,Tampa Bay Buccaneers,16,312,535,58.3,3852,22,4.1,15,2.8,68,7.6,7.1,13.0,240.8,84.2,27,190,4.8,6.9,6.4,2.0,3.0,78.43,2015
17,18,Houston Texans,16,358,619,57.8,3833,29,4.7,12,1.9,61,6.6,6.7,11.4,239.6,85.3,36,246,5.5,5.9,5.9,3.0,3.0,23.79,2015
18,19,Miami Dolphins,16,365,588,62.1,3811,24,4.1,12,2.0,54,7.2,7.1,11.6,238.2,88.9,45,420,7.1,6.0,5.9,2.0,2.0,27.85,2015
19,20,Seattle Seahawks,16,333,489,68.1,3790,34,7.0,8,1.6,80,8.3,9.0,12.2,236.9,109.8,46,271,8.6,7.1,7.7,2.0,2.0,174.73,2015
20,21,Cleveland Browns,16,371,609,60.9,3782,20,3.3,12,2.0,61,6.8,6.6,11.2,236.4,84.0,53,374,8.0,5.7,5.5,1.0,1.0,4.27,2015
21,22,Indianapolis Colts,16,355,619,57.4,3704,26,4.2,19,3.1,87,6.3,5.8,11.1,231.5,77.5,37,224,5.6,5.6,5.1,2.0,4.0,14.98,2015
22,23,Chicago Bears,16,334,523,63.9,3660,21,4.0,12,2.3,87,7.3,7.1,11.5,228.8,89.7,34,183,6.1,6.6,6.4,4.0,4.0,49.51,2015
23,24,Carolina Panthers,16,300,501,59.9,3589,35,7.0,10,2.0,74,7.7,8.2,12.9,224.3,99.2,33,284,6.2,6.7,7.2,3.0,4.0,104.14,2015
24,25,Tennessee Titans,16,342,551,62.1,3503,25,4.5,17,3.1,61,7.1,6.6,11.4,218.9,85.5,54,390,8.9,5.8,5.4,2.0,2.0,-11.27,2015
25,26,Green Bay Packers,16,348,573,60.7,3503,31,5.4,8,1.4,65,6.7,7.1,11.0,218.9,92.7,47,322,7.6,5.7,6.1,2.0,2.0,91.3,2015
26,27,Dallas Cowboys,16,334,528,63.3,3471,16,3.0,22,4.2,67,7.0,5.7,11.0,216.9,76.6,33,206,5.9,6.2,5.0,2.0,3.0,-28.1,2015
27,28,Buffalo Bills,16,295,465,63.4,3343,23,4.9,9,1.9,63,7.7,7.9,12.2,208.9,95.6,42,257,8.3,6.6,6.7,1.0,2.0,40.41,2015
28,29,San Francisco 49ers,16,322,526,61.2,3316,16,3.0,12,2.3,76,6.9,6.5,11.3,207.3,82.6,53,330,9.2,5.7,5.3,2.0,2.0,-22.67,2015
29,30,Kansas City Chiefs,16,310,473,65.5,3255,20,4.2,7,1.5,80,7.4,7.6,11.3,203.4,95.4,46,238,8.9,6.3,6.4,1.0,1.0,35.53,2015
30,31,Minnesota Vikings,16,294,454,64.8,2928,14,3.1,9,2.0,52,7.1,6.9,11.0,183.0,87.9,45,318,9.0,5.9,5.6,1.0,2.0,18.96,2015
31,32,St. Louis Rams,16,273,473,57.7,2805,11,2.3,11,2.3,68,6.2,5.6,10.7,175.3,74.1,18,126,3.7,5.7,5.2,1.0,1.0,-48.78,2015
0,1,New Orleans Saints,16,472,674,70.0,5074,38,5.6,15,2.2,98,7.8,7.9,11.1,317.1,102.5,27,184,3.9,7.2,7.4,2.0,4.0,116.53,2016
1,2,Washington Redskins,16,407,607,67.1,4758,25,4.1,12,2.0,80,8.2,8.1,12.2,297.4,97.4,23,190,3.7,7.6,7.5,4.0,4.0,147.0,2016
2,3,Atlanta Falcons,16,374,537,69.6,4725,38,7.1,7,1.3,76,9.2,10.1,13.3,295.3,116.8,37,235,6.4,8.2,9.0,1.0,2.0,243.07,2016
3,4,New England Patriots,16,368,550,66.9,4308,32,5.8,2,0.4,79,8.1,9.1,12.1,269.3,109.5,24,148,4.2,7.5,8.5,2.0,2.0,231.01,2016
4,5,Indianapolis Colts,16,370,584,63.4,4202,32,5.5,15,2.6,64,7.7,7.6,12.1,262.6,94.5,44,289,7.0,6.7,6.6,4.0,4.0,102.28,2016
5,6,Pittsburgh Steelers,16,381,596,63.9,4202,33,5.5,15,2.5,72,7.3,7.3,11.5,262.6,93.9,21,175,3.4,6.8,6.8,3.0,3.0,71.45,2016
6,7,Green Bay Packers,16,403,620,65.0,4199,40,6.5,8,1.3,60,7.2,7.9,11.0,262.4,102.3,35,246,5.3,6.4,7.1,0.0,2.0,179.05,2016
7,8,San Diego Chargers,16,349,580,60.2,4198,33,5.7,21,3.6,59,7.6,7.1,12.6,262.4,87.6,36,188,5.8,6.8,6.4,1.0,1.0,62.52,2016
8,9,Arizona Cardinals,16,383,646,59.3,4136,28,4.3,17,2.6,80,6.8,6.5,11.6,258.5,83.5,41,289,6.0,6.0,5.7,1.0,3.0,21.2,2016
9,10,Seattle Seahawks,16,368,567,64.9,4124,23,4.1,12,2.1,59,7.8,7.7,12.0,257.8,93.4,42,298,6.9,6.8,6.6,4.0,3.0,61.78,2016
10,11,Detroit Lions,16,388,594,65.3,4111,24,4.0,10,1.7,73,7.3,7.3,11.2,256.9,93.3,37,216,5.9,6.5,6.6,8.0,8.0,76.12,2016
11,12,Baltimore Ravens,16,439,679,64.7,4100,20,2.9,16,2.4,95,6.4,5.9,9.9,256.3,82.6,33,243,4.6,5.8,5.3,2.0,2.0,-50.35,2016
12,13,Oakland Raiders,16,379,596,63.6,4051,29,4.9,7,1.2,75,6.9,7.4,10.9,253.2,95.3,18,86,2.9,6.6,7.0,7.0,7.0,63.9,2016
13,14,Chicago Bears,16,347,559,62.1,3969,19,3.4,19,3.4,64,7.4,6.6,11.9,248.1,81.8,28,170,4.8,6.8,6.0,,,-14.33,2016
14,15,Cincinnati Bengals,16,364,563,64.7,3942,18,3.2,8,1.4,86,7.5,7.5,11.6,246.4,91.8,41,264,6.8,6.5,6.5,2.0,1.0,72.64,2016
15,16,Tampa Bay Buccaneers,16,355,578,61.4,3926,29,5.0,18,3.1,45,7.2,6.8,11.7,245.4,87.0,35,239,5.7,6.4,6.0,1.0,3.0,78.88,2016
16,17,New York Giants,16,377,598,63.0,3879,26,4.3,16,2.7,75,6.7,6.4,10.7,242.4,86.0,22,148,3.5,6.3,5.9,3.0,6.0,0.05,2016
17,18,Minnesota Vikings,16,414,588,70.4,3836,20,3.4,5,0.9,71,7.0,7.3,9.9,239.8,97.7,38,283,6.1,6.1,6.4,1.0,1.0,49.94,2016
18,19,Kansas City Chiefs,16,365,546,66.8,3740,19,3.5,8,1.5,80,7.2,7.2,10.7,233.8,93.2,32,174,5.5,6.5,6.5,3.0,3.0,34.94,2016
19,20,Jacksonville Jaguars,16,369,626,58.9,3728,24,3.8,16,2.6,51,6.3,5.9,10.6,233.0,79.5,34,197,5.2,5.6,5.3,1.0,1.0,12.29,2016
20,21,Denver Broncos,16,339,570,59.5,3685,20,3.5,11,1.9,76,6.9,6.7,11.5,230.3,83.9,40,229,6.6,6.0,5.9,3.0,2.0,-9.53,2016
21,22,Carolina Panthers,16,306,563,54.4,3685,21,3.7,19,3.4,88,7.0,6.3,12.9,230.3,75.1,36,277,6.0,6.2,5.4,,,-12.06,2016
22,23,Dallas Cowboys,16,325,483,67.3,3631,25,5.2,6,1.2,83,7.9,8.3,11.7,226.9,103.0,28,168,5.5,7.1,7.6,5.0,5.0,103.88,2016
23,24,Philadelphia Eagles,16,380,609,62.4,3585,16,2.6,14,2.3,73,6.2,5.7,10.0,224.1,79.2,33,213,5.1,5.6,5.1,1.0,1.0,15.12,2016
24,25,Tennessee Titans,16,307,504,60.9,3541,29,5.8,11,2.2,60,7.4,7.5,12.1,221.3,93.7,28,179,5.3,6.7,6.8,2.0,2.0,42.9,2016
25,26,Miami Dolphins,16,316,477,66.2,3500,27,5.7,15,3.1,74,7.8,7.5,11.8,218.8,95.5,30,216,5.9,6.9,6.6,4.0,5.0,17.75,2016
26,27,New York Jets,16,311,550,56.5,3466,16,2.9,25,4.5,69,6.6,5.2,11.7,216.6,67.6,35,179,6.0,5.9,4.5,1.0,1.0,-61.88,2016
27,28,Cleveland Browns,16,338,567,59.6,3264,15,2.6,14,2.5,58,6.5,5.9,10.9,204.0,77.4,66,429,10.4,5.2,4.6,,,-9.7,2016
28,29,Houston Texans,16,347,583,59.5,3176,15,2.6,16,2.7,53,5.9,5.1,9.9,198.5,73.3,32,242,5.2,5.2,4.5,4.0,4.0,-28.35,2016
29,30,Buffalo Bills,16,286,474,60.3,3036,17,3.6,7,1.5,84,6.9,6.9,11.4,189.8,86.7,46,214,8.8,5.8,5.9,1.0,1.0,36.85,2016
30,31,Los Angeles Rams,16,312,536,58.2,2951,14,2.6,20,3.7,66,6.2,5.0,10.6,184.4,69.5,49,362,8.4,5.0,4.0,1.0,2.0,-123.49,2016
31,32,San Francisco 49ers,16,287,491,58.5,2911,21,4.3,10,2.0,75,6.4,6.4,11.0,181.9,83.4,47,255,8.7,5.4,5.4,1.0,1.0,-37.65,2016
0,1,Los Angeles Chargers,16,366,583,62.8,4431,28,4.8,11,1.9,75,7.8,7.9,12.4,276.9,95.1,18,120,3.0,7.4,7.5,2.0,2.0,85.54,2017
1,2,New England Patriots,16,389,587,66.3,4418,32,5.5,8,1.4,64,7.9,8.3,11.9,276.1,102.6,35,201,5.6,7.1,7.6,2.0,2.0,197.94,2017
2,3,Pittsburgh Steelers,16,384,590,65.1,4380,29,4.9,15,2.5,97,7.7,7.5,11.8,273.8,94.1,24,154,3.9,7.1,7.0,3.0,4.0,84.45,2017
3,4,Tampa Bay Buccaneers,16,378,605,62.5,4366,26,4.3,14,2.3,70,7.6,7.4,12.2,272.9,90.6,40,241,6.2,6.8,6.6,2.0,3.0,41.13,2017
4,5,New Orleans Saints,16,386,536,72.0,4189,23,4.3,8,1.5,54,8.1,8.3,11.2,261.8,103.9,20,145,3.6,7.5,7.7,2.0,2.0,78.77,2017
5,6,Detroit Lions,16,374,570,65.6,4183,29,5.1,11,1.9,71,7.8,8.0,12.0,261.4,98.4,47,287,7.6,6.8,6.9,1.0,4.0,18.05,2017
6,7,Kansas City Chiefs,16,363,543,66.9,4104,26,4.8,8,1.5,79,8.0,8.3,11.9,256.5,100.8,37,222,6.4,7.1,7.4,1.0,4.0,35.89,2017
7,8,Atlanta Falcons,16,343,530,64.7,3990,21,4.0,12,2.3,88,7.8,7.6,12.1,249.4,92.4,24,156,4.3,7.2,7.0,2.0,3.0,56.35,2017
8,9,San Francisco 49ers,16,362,607,59.6,3925,15,2.5,15,2.5,83,7.0,6.4,11.7,245.3,78.8,43,310,6.6,6.0,5.5,2.0,2.0,-67.29,2017
9,10,Los Angeles Rams,16,320,518,61.8,3831,28,5.4,7,1.4,94,7.8,8.2,12.6,239.4,98.3,28,192,5.1,7.0,7.5,1.0,1.0,44.57,2017
10,11,Minnesota Vikings,16,357,527,67.7,3753,25,4.7,8,1.5,65,7.5,7.7,11.0,234.6,99.1,27,176,4.9,6.8,7.0,1.0,3.0,85.46,2017
11,12,Washington Redskins,16,347,540,64.3,3751,27,5.0,13,2.4,74,7.6,7.5,11.8,234.4,93.9,41,342,7.1,6.5,6.4,1.0,4.0,13.11,2017
12,13,Philadelphia Eagles,16,341,564,60.5,3737,38,6.7,9,1.6,72,7.0,7.7,11.6,233.6,97.6,36,230,6.0,6.2,6.8,2.0,3.0,136.52,2017
13,14,Seattle Seahawks,16,340,555,61.3,3657,34,6.1,12,2.2,74,7.2,7.4,11.7,228.6,94.4,43,322,7.2,6.1,6.3,2.0,2.0,11.73,2017
14,15,Arizona Cardinals,16,339,598,56.7,3640,21,3.5,18,3.0,52,6.7,6.0,11.7,227.5,76.2,52,339,8.0,5.6,5.0,5.0,5.0,-70.67,2017
15,16,Oakland Raiders,16,347,558,62.2,3631,23,4.1,14,2.5,87,6.7,6.4,10.8,226.9,85.3,24,130,4.1,6.2,5.9,1.0,1.0,-30.02,2017
16,17,Jacksonville Jaguars,16,316,527,60.0,3593,21,4.0,13,2.5,75,7.1,6.7,11.8,224.6,84.4,24,123,4.4,6.5,6.2,1.0,1.0,42.05,2017
17,18,Miami Dolphins,16,373,602,62.0,3535,24,4.0,21,3.5,65,6.3,5.5,10.2,220.9,78.7,33,257,5.2,5.6,4.8,3.0,4.0,-54.81,2017
18,19,New York Giants,16,373,608,61.3,3479,20,3.3,14,2.3,77,6.1,5.7,9.9,217.4,79.8,34,201,5.3,5.4,5.1,0.0,1.0,-95.57,2017
19,20,Denver Broncos,16,332,566,58.7,3333,19,3.4,22,3.9,54,6.5,5.4,11.0,208.3,73.0,52,335,8.4,5.4,4.4,,,-94.36,2017
20,21,Houston Texans,16,299,525,57.0,3278,28,5.3,17,3.2,72,6.9,6.6,12.2,204.9,82.7,54,366,9.3,5.7,5.3,1.0,1.0,-26.24,2017
21,22,Cleveland Browns,16,312,574,54.4,3228,15,2.6,28,4.9,56,6.2,4.5,11.3,201.8,61.4,50,309,8.0,5.2,3.6,,,-180.26,2017
22,23,Tennessee Titans,16,306,496,61.7,3191,14,2.8,17,3.4,75,6.8,5.9,11.1,199.4,77.1,35,203,6.6,6.0,5.1,3.0,4.0,-59.14,2017
23,24,New York Jets,16,323,510,63.3,3182,19,3.7,12,2.4,69,6.9,6.6,10.8,198.9,86.1,47,319,8.4,5.7,5.4,1.0,2.0,-11.78,2017
24,25,Green Bay Packers,16,352,562,62.6,3167,25,4.4,18,3.2,72,6.3,5.7,10.0,197.9,81.9,51,365,8.3,5.2,4.7,4.0,4.0,-62.02,2017
25,26,Dallas Cowboys,16,309,493,62.7,3141,22,4.5,13,2.6,81,6.7,6.5,10.8,196.3,86.3,32,185,6.1,6.0,5.7,0.0,4.0,-15.9,2017
26,27,Cincinnati Bengals,16,304,510,59.6,3122,25,4.9,12,2.4,77,6.6,6.6,11.1,195.1,86.0,40,264,7.3,5.7,5.6,3.0,3.0,-23.46,2017
27,28,Carolina Panthers,16,293,501,58.5,3077,22,4.4,16,3.2,64,6.6,6.1,11.3,192.3,79.8,35,242,6.5,5.7,5.2,1.0,3.0,-6.15,2017
28,29,Baltimore Ravens,16,363,567,64.0,3030,20,3.5,13,2.3,66,5.7,5.4,8.9,189.4,81.4,27,205,4.5,5.1,4.8,,,-80.15,2017
29,30,Indianapolis Colts,16,285,487,58.5,2892,13,2.7,9,1.8,80,6.6,6.3,11.3,180.8,79.7,56,334,10.3,5.3,5.1,0.0,1.0,-95.71,2017
30,31,Buffalo Bills,16,289,476,60.7,2825,16,3.4,10,2.1,47,6.5,6.2,10.7,176.6,82.1,47,261,9.0,5.4,5.2,1.0,3.0,-66.0,2017
31,32,Chicago Bears,16,291,473,61.5,2811,13,2.7,12,2.5,70,6.5,5.9,10.6,175.7,79.1,39,274,7.6,5.5,4.9,0.0,2.0,-73.49,2017
0,1,Tampa Bay Buccaneers,16,408,625,65.3,5125,36,5.8,26,4.2,75,8.6,7.9,13.1,320.3,94.1,41,233,6.2,7.7,7.0,0.0,1.0,159.05,2018
1,2,Pittsburgh Steelers,16,459,689,66.6,5008,35,5.1,17,2.5,97,7.5,7.4,11.3,313.0,95.5,24,166,3.4,7.0,6.9,2.0,3.0,161.94,2018
2,3,Kansas City Chiefs,16,385,583,66.0,4955,50,8.6,12,2.1,89,8.8,9.6,13.3,309.7,113.8,26,171,4.3,8.1,8.9,2.0,2.0,266.71,2018
3,4,Atlanta Falcons,16,428,617,69.4,4653,36,5.8,7,1.1,75,8.0,8.7,11.6,290.8,108.0,42,296,6.4,7.1,7.7,1.0,1.0,180.6,2018
4,5,Los Angeles Rams,16,368,568,64.8,4507,32,5.6,12,2.1,70,8.3,8.5,12.9,281.7,100.7,33,223,5.5,7.5,7.7,4.0,4.0,173.99,2018
5,6,Indianapolis Colts,16,432,644,67.1,4461,39,6.1,15,2.3,68,7.1,7.3,10.6,278.8,98.2,18,134,2.7,6.7,6.9,3.0,3.0,148.05,2018
6,7,Philadelphia Eagles,16,422,599,70.5,4275,29,4.8,11,1.8,83,7.6,7.7,10.7,267.2,100.7,40,249,6.3,6.7,6.8,4.0,4.0,129.5,2018
7,8,New England Patriots,16,378,574,65.9,4258,29,5.1,11,1.9,63,7.7,7.8,11.7,266.1,97.8,21,147,3.5,7.2,7.3,1.0,2.0,194.27,2018
8,9,Green Bay Packers,16,392,640,61.3,4238,25,3.9,4,0.6,75,7.2,7.7,11.8,264.9,93.7,53,391,7.6,6.1,6.6,3.0,3.0,71.3,2018
9,10,Los Angeles Chargers,16,348,512,68.0,4089,32,6.3,12,2.3,75,8.4,8.6,12.4,255.6,104.9,34,227,6.2,7.5,7.7,3.0,3.0,168.12,2018
10,11,New York Giants,16,382,583,65.5,4047,23,3.9,12,2.1,58,7.6,7.4,11.5,252.9,92.7,47,358,7.5,6.4,6.3,1.0,2.0,77.66,2018
11,12,New Orleans Saints,16,381,519,73.4,4042,33,6.4,7,1.3,72,8.0,8.7,11.0,252.6,112.3,20,132,3.7,7.5,8.1,6.0,7.0,215.12,2018
12,13,Minnesota Vikings,16,425,606,70.1,4036,30,5.0,10,1.7,75,7.1,7.3,10.1,252.3,99.7,40,262,6.2,6.2,6.5,1.0,0.0,52.77,2018
13,14,Cleveland Browns,16,353,574,61.5,4007,29,5.1,17,3.0,71,7.4,7.1,12.1,250.4,88.8,38,254,6.2,6.5,6.2,4.0,4.0,48.28,2018
14,15,San Francisco 49ers,16,331,532,62.2,3867,26,4.9,20,3.8,85,8.0,7.3,12.8,241.7,87.8,48,380,8.3,6.7,6.0,0.0,1.0,61.3,2018
15,16,Carolina Panthers,16,378,563,67.1,3836,28,5.0,16,2.8,82,7.2,6.9,10.8,239.8,92.9,32,235,5.4,6.4,6.2,2.0,2.0,80.29,2018
16,17,Houston Texans,16,345,506,68.2,3781,26,5.1,9,1.8,73,8.2,8.5,12.1,236.3,102.9,62,384,10.9,6.7,6.9,5.0,5.0,109.94,2018
17,18,Oakland Raiders,16,382,556,68.7,3751,19,3.4,10,1.8,66,7.3,7.2,10.6,234.4,93.6,52,306,8.6,6.2,6.1,3.0,3.0,30.85,2018
18,19,Denver Broncos,16,367,588,62.4,3695,19,3.2,15,2.6,64,6.7,6.2,10.7,230.9,82.1,34,235,5.5,5.9,5.5,3.0,4.0,26.0,2018
19,20,Detroit Lions,16,375,574,65.3,3576,22,3.8,12,2.1,67,6.7,6.5,10.3,223.5,88.5,41,268,6.7,5.8,5.7,0.0,1.0,67.19,2018
20,21,Chicago Bears,16,344,512,67.2,3564,28,5.5,14,2.7,70,7.3,7.2,10.9,222.8,95.4,33,183,6.1,6.5,6.4,2.0,2.0,97.62,2018
21,22,Baltimore Ravens,16,334,556,60.1,3558,18,3.2,9,1.6,74,6.7,6.6,11.1,222.4,84.0,32,150,5.4,6.1,6.0,0.0,1.0,61.49,2018
22,23,Dallas Cowboys,16,356,527,67.6,3538,22,4.2,8,1.5,90,7.4,7.5,10.9,221.1,96.7,56,347,9.6,6.1,6.2,3.0,5.0,64.95,2018
23,24,Cincinnati Bengals,16,331,542,61.1,3290,27,5.0,13,2.4,49,6.6,6.5,10.8,205.6,87.0,37,279,6.4,5.7,5.6,3.0,4.0,65.06,2018
24,25,New York Jets,16,299,524,57.1,3165,18,3.4,19,3.6,76,6.5,5.6,11.4,197.8,73.0,37,239,6.6,5.6,4.8,1.0,1.0,-40.27,2018
25,26,Jacksonville Jaguars,16,329,536,61.4,3109,15,2.8,13,2.4,80,6.4,5.9,10.4,194.3,79.1,53,322,9.0,5.3,4.8,0.0,1.0,-65.36,2018
26,27,Seattle Seahawks,16,280,427,65.6,3093,35,8.2,7,1.6,66,8.1,9.0,12.3,193.3,110.9,51,355,10.7,6.5,7.3,2.0,4.0,114.5,2018
27,28,Washington Redskins,16,311,509,61.1,3021,16,3.1,15,2.9,79,6.5,5.8,10.6,188.8,78.1,44,266,8.0,5.5,4.8,1.0,1.0,-24.87,2018
28,29,Tennessee Titans,16,293,437,67.0,2975,16,3.7,12,2.7,66,7.4,6.9,11.1,185.9,89.8,47,280,9.7,6.1,5.7,4.0,5.0,16.34,2018
29,30,Miami Dolphins,16,292,455,64.2,2900,26,5.7,13,2.9,75,7.3,7.1,11.3,181.3,93.0,52,409,10.3,5.7,5.6,4.0,4.0,-19.71,2018
30,31,Buffalo Bills,16,271,499,54.3,2794,13,2.6,23,4.6,75,6.2,4.6,11.4,174.6,62.6,41,288,7.6,5.2,3.7,2.0,3.0,-88.45,2018
31,32,Arizona Cardinals,16,283,495,57.2,2523,15,3.0,18,3.6,75,5.8,4.8,10.2,157.7,69.0,52,361,9.5,4.6,3.7,1.0,2.0,-106.25,2018
0,1,Tampa Bay Buccaneers,16,382,630,60.6,4845,33,5.2,30,4.8,71,8.1,7.0,13.4,302.8,84.1,47,282,6.9,7.2,6.1,2.0,2.0,95.89,2019
1,2,Dallas Cowboys,16,388,597,65.0,4751,30,5.0,11,1.8,62,8.2,8.4,12.6,296.9,99.5,23,151,3.7,7.7,7.8,,,179.23,2019
2,3,Atlanta Falcons,16,459,684,67.1,4714,29,4.2,15,2.2,93,7.4,7.2,11.0,294.6,93.8,50,335,6.8,6.4,6.3,3.0,2.0,129.42,2019
3,4,Los Angeles Rams,16,397,632,62.8,4499,22,3.5,17,2.7,66,7.4,6.9,11.8,281.2,85.6,22,170,3.4,6.9,6.4,1.0,2.0,88.77,2019
4,5,Kansas City Chiefs,16,378,576,65.6,4498,30,5.2,5,0.9,83,8.1,8.8,12.4,281.1,104.4,25,192,4.2,7.5,8.1,2.0,2.0,247.81,2019
5,6,Los Angeles Chargers,16,394,597,66.0,4426,24,4.0,20,3.4,84,7.8,7.1,11.8,276.6,89.0,34,222,5.4,7.0,6.3,1.0,2.0,118.36,2019
6,7,New Orleans Saints,16,418,581,71.9,4244,36,6.2,6,1.0,61,7.6,8.4,10.6,265.3,110.2,25,187,4.1,7.0,7.7,2.0,4.0,180.79,2019
7,8,New England Patriots,16,378,620,61.0,3961,25,4.0,9,1.5,59,6.7,6.9,11.0,247.6,88.2,28,192,4.3,6.1,6.3,1.0,1.0,77.78,2019
8,9,Oakland Raiders,16,367,523,70.2,3926,22,4.2,8,1.5,75,7.9,8.0,11.2,245.4,101.0,29,184,5.3,7.1,7.3,2.0,3.0,109.15,2019
9,10,Detroit Lions,16,344,571,60.2,3900,28,4.9,15,2.6,75,7.3,7.1,12.2,243.8,88.2,43,287,7.0,6.4,6.2,2.0,1.0,69.11,2019
10,11,Philadelphia Eagles,16,391,613,63.8,3833,27,4.4,8,1.3,53,6.6,6.9,10.4,239.6,92.1,37,230,5.7,5.9,6.2,2.0,4.0,81.78,2019
11,12,Miami Dolphins,16,371,615,60.3,3804,22,3.6,18,2.9,51,6.7,6.1,11.1,237.8,80.0,58,313,8.6,5.7,5.1,3.0,4.0,35.26,2019
12,13,San Francisco 49ers,16,331,478,69.2,3792,28,5.9,13,2.7,75,8.4,8.4,12.2,237.0,103.1,36,237,7.0,7.4,7.3,4.0,4.0,149.98,2019
13,14,Seattle Seahawks,16,341,517,66.0,3791,31,6.0,6,1.2,60,7.9,8.6,12.1,236.9,105.3,48,319,8.5,6.7,7.3,4.0,5.0,135.88,2019
14,15,Houston Texans,16,355,534,66.5,3783,27,5.1,14,2.6,54,7.6,7.5,11.5,236.4,95.3,49,300,8.4,6.5,6.3,3.0,5.0,120.55,2019
15,16,Jacksonville Jaguars,16,364,589,61.8,3760,24,4.1,8,1.4,70,6.8,7.0,11.1,235.0,90.0,42,263,6.7,6.0,6.1,3.0,3.0,22.45,2019
16,17,Green Bay Packers,16,356,573,62.1,3733,26,4.5,4,0.7,74,7.0,7.6,11.3,233.3,95.3,36,284,5.9,6.1,6.7,2.0,3.0,133.36,2019
17,18,New York Giants,16,376,607,61.9,3731,30,4.9,17,2.8,75,6.7,6.4,10.8,233.2,86.4,43,339,6.6,5.7,5.5,1.0,2.0,1.19,2019
18,19,Cincinnati Bengals,16,356,616,57.8,3652,18,2.9,16,2.6,66,6.5,5.9,11.2,228.3,76.2,48,342,7.2,5.5,5.0,,,-25.99,2019
19,20,Carolina Panthers,16,382,633,60.3,3650,17,2.7,21,3.3,52,6.5,5.6,10.8,228.1,74.7,58,484,8.4,5.3,4.4,0.0,1.0,-12.64,2019
20,21,Tennessee Titans,16,297,448,66.3,3582,29,6.5,8,1.8,91,8.8,9.3,13.3,223.9,108.3,56,374,11.1,7.1,7.5,2.0,3.0,94.26,2019
21,22,Cleveland Browns,16,318,539,59.0,3554,22,4.1,21,3.9,89,7.1,6.2,12.1,222.1,78.4,41,293,7.1,6.1,5.3,1.0,1.0,31.79,2019
22,23,Minnesota Vikings,16,319,466,68.5,3523,26,5.6,8,1.7,66,8.0,8.3,11.7,220.2,103.9,28,206,5.7,7.1,7.5,1.0,1.0,124.69,2019
23,24,Arizona Cardinals,16,355,554,64.1,3477,20,3.6,12,2.2,88,6.9,6.6,10.7,217.3,87.0,50,320,8.3,5.8,5.5,1.0,2.0,35.16,2019
24,25,Chicago Bears,16,371,580,64.0,3291,20,3.4,12,2.1,53,6.2,5.9,9.6,205.7,83.9,45,282,7.2,5.3,5.0,3.0,3.0,9.95,2019
25,26,Buffalo Bills,16,299,513,58.3,3229,21,4.1,12,2.3,53,6.8,6.5,11.6,201.8,82.8,40,247,7.2,5.8,5.6,4.0,5.0,14.89,2019
26,27,Baltimore Ravens,16,289,440,65.7,3225,37,8.4,8,1.8,83,7.6,8.5,11.6,201.6,109.0,28,125,6.0,6.9,7.7,1.0,2.0,149.06,2019
27,28,Denver Broncos,16,312,504,61.9,3115,16,3.2,10,2.0,75,6.7,6.5,10.9,194.7,84.1,41,286,7.5,5.7,5.5,1.0,2.0,12.57,2019
28,29,New York Jets,16,323,521,62.0,3111,19,3.6,16,3.1,92,6.6,6.0,10.7,194.4,80.6,52,332,9.1,5.4,4.8,2.0,3.0,-54.05,2019
29,30,Indianapolis Colts,16,307,513,59.8,3108,22,4.3,10,1.9,50,6.5,6.4,10.8,194.3,85.0,32,206,5.9,5.7,5.7,2.0,2.0,51.76,2019
30,31,Pittsburgh Steelers,16,315,510,61.8,2981,18,3.5,19,3.7,79,6.3,5.3,10.2,186.3,76.1,32,233,5.9,5.5,4.6,1.0,2.0,-6.5,2019
31,32,Washington Redskins,16,298,479,62.2,2812,18,3.8,13,2.7,75,6.7,6.2,10.8,175.8,83.0,50,393,9.5,5.3,4.9,1.0,1.0,-45.16,2019
0,1,Kansas City Chiefs,16,420,630,66.7,4854,40,6.3,7,1.1,75,7.9,8.7,11.9,303.4,107.3,24,151,3.7,7.4,8.2,3.0,3.0,255.89,2020
1,2,Tampa Bay Buccaneers,16,410,626,65.5,4626,42,6.7,12,1.9,50,7.6,8.1,11.6,289.1,102.8,22,150,3.4,7.1,7.6,3.0,3.0,269.68,2020
2,3,Buffalo Bills,16,410,596,68.8,4620,40,6.7,11,1.8,56,8.0,8.5,11.7,288.8,107.6,27,166,4.3,7.4,7.9,2.0,3.0,239.8,2020
3,4,Houston Texans,16,383,546,70.1,4538,33,6.0,7,1.3,77,8.9,9.5,12.6,283.6,112.3,50,305,8.4,7.6,8.2,,,167.25,2020
4,5,Atlanta Falcons,16,408,628,65.0,4363,27,4.3,11,1.8,63,7.4,7.4,11.3,272.7,93.9,41,257,6.1,6.5,6.6,,,155.83,2020
5,6,Los Angeles Chargers,16,413,627,65.9,4329,31,4.9,10,1.6,72,7.3,7.5,11.0,270.6,97.0,34,219,5.1,6.5,6.8,2.0,4.0,155.91,2020
6,7,Las Vegas Raiders,16,369,551,67.0,4217,28,5.1,10,1.8,85,8.0,8.2,11.9,263.6,100.4,28,166,4.8,7.3,7.5,3.0,5.0,133.3,2020
7,8,Dallas Cowboys,16,413,639,64.6,4161,25,3.9,13,2.0,69,7.1,6.9,10.9,260.1,89.9,44,350,6.4,6.1,6.0,3.0,4.0,48.16,2020
8,9,Green Bay Packers,16,372,526,70.7,4106,48,9.1,5,1.0,78,8.2,9.6,11.6,256.6,121.5,21,193,3.8,7.5,8.9,1.0,2.0,256.47,2020
9,10,Detroit Lions,16,374,582,64.3,4104,27,4.6,13,2.2,73,7.6,7.5,11.8,256.5,93.3,42,293,6.7,6.6,6.5,3.0,4.0,117.49,2020
10,11,Indianapolis Colts,16,371,552,67.2,4053,24,4.3,11,2.0,55,7.6,7.6,11.3,253.3,95.9,21,133,3.7,7.1,7.0,2.0,3.0,166.22,2020
11,12,San Francisco 49ers,16,371,570,65.1,4033,25,4.4,17,3.0,76,7.6,7.1,11.6,252.1,90.1,39,287,6.4,6.6,6.2,1.0,1.0,86.06,2020
12,13,Los Angeles Rams,16,392,590,66.4,4014,20,3.4,14,2.4,56,7.1,6.7,10.7,250.9,88.4,25,169,4.1,6.5,6.2,0.0,1.0,71.12,2020
13,14,Minnesota Vikings,16,349,516,67.6,4009,35,6.8,13,2.5,71,8.3,8.5,12.2,250.6,105.0,39,256,7.0,7.2,7.4,1.0,3.0,140.98,2020
14,15,Pittsburgh Steelers,16,428,656,65.2,4003,35,5.3,11,1.7,84,6.3,6.6,9.6,250.2,93.5,14,126,2.1,6.0,6.3,4.0,4.0,138.47,2020
15,16,Seattle Seahawks,16,388,563,68.9,3941,40,7.1,13,2.3,62,7.5,7.9,10.9,246.3,105.0,48,304,7.9,6.5,6.8,3.0,3.0,117.25,2020
16,17,Arizona Cardinals,16,387,575,67.3,3916,27,4.7,13,2.3,80,7.1,7.1,10.6,244.8,94.1,29,186,4.8,6.5,6.4,3.0,4.0,74.08,2020
17,18,Carolina Panthers,16,373,550,67.8,3888,16,2.9,16,2.9,75,7.5,6.8,11.1,243.0,87.5,36,241,6.1,6.6,6.0,,,60.94,2020
18,19,New Orleans Saints,16,370,522,70.9,3758,28,5.4,8,1.5,52,7.6,7.9,10.7,234.9,104.1,29,187,5.3,6.8,7.2,1.0,3.0,124.81,2020
19,20,Miami Dolphins,16,370,559,66.2,3736,24,4.3,13,2.3,70,7.0,6.9,10.6,233.5,91.2,34,201,5.7,6.3,6.1,3.0,3.0,89.14,2020
20,21,Jacksonville Jaguars,16,387,616,62.8,3699,25,4.1,16,2.6,73,6.4,6.1,10.2,231.2,83.9,44,256,6.7,5.6,5.3,1.0,1.0,3.97,2020
21,22,Chicago Bears,16,402,614,65.5,3655,26,4.2,16,2.6,53,6.4,6.1,9.8,228.4,86.5,36,270,5.5,5.6,5.3,3.0,3.0,37.48,2020
22,23,Tennessee Titans,16,316,485,65.2,3653,33,6.8,7,1.4,75,7.9,8.6,12.1,228.3,105.9,25,173,4.9,7.2,7.8,5.0,6.0,191.17,2020
23,24,Cleveland Browns,16,315,501,62.9,3539,27,5.4,8,1.6,75,7.4,7.7,11.7,221.2,96.6,26,162,4.9,6.7,7.1,2.0,2.0,130.48,2020
24,25,Washington Football Team,16,389,601,64.7,3465,16,2.7,16,2.7,68,6.3,5.7,9.8,216.6,80.1,50,331,7.7,5.3,4.7,2.0,2.0,-22.49,2020
25,26,Denver Broncos,16,317,556,57.0,3451,21,3.8,23,4.1,92,6.6,5.5,11.6,215.7,72.5,32,222,5.4,5.9,4.8,2.0,2.0,3.23,2020
26,27,Cincinnati Bengals,16,372,581,64.0,3448,19,3.3,11,1.9,72,6.5,6.3,10.2,215.5,85.7,48,345,7.6,5.5,5.3,1.0,1.0,28.77,2020
27,28,Philadelphia Eagles,16,334,598,55.9,3327,22,3.7,20,3.3,81,6.2,5.5,11.2,207.9,72.9,65,401,9.8,5.0,4.3,3.0,2.0,-18.65,2020
28,29,New York Giants,16,321,517,62.1,3026,12,2.3,11,2.1,53,6.5,6.0,10.4,189.1,79.6,50,310,8.8,5.3,4.9,0.0,0.0,-11.8,2020
29,30,New England Patriots,16,283,440,64.3,2890,12,2.7,14,3.2,50,7.1,6.2,11.0,180.6,81.1,37,234,7.8,6.1,5.2,1.0,3.0,4.99,2020
30,31,New York Jets,16,292,499,58.5,2796,16,3.2,14,2.8,69,6.2,5.6,10.7,174.8,75.9,43,319,7.9,5.2,4.6,,,-43.13,2020
31,32,Baltimore Ravens,16,257,406,63.3,2739,27,6.7,11,2.7,70,7.2,7.3,11.4,171.2,95.7,32,180,7.3,6.3,6.4,1.0,1.0,36.43,2020
0,1,Tampa Bay Buccaneers,17,492,731,67.3,5229,43,5.9,12,1.6,62,7.4,7.8,10.9,307.6,101.6,23,154,3.1,6.9,7.4,3.0,5.0,197.87,2021
1,2,Los Angeles Chargers,17,443,674,65.7,4800,38,5.6,15,2.2,72,7.4,7.6,11.3,282.4,97.4,31,214,4.4,6.8,6.9,5.0,5.0,168.57,2021
2,3,Dallas Cowboys,17,444,647,68.6,4800,40,6.2,11,1.7,73,7.7,8.1,11.2,282.4,104.8,33,163,4.9,7.1,7.5,2.0,3.0,161.67,2021
3,4,Kansas City Chiefs,17,448,675,66.4,4791,37,5.5,13,1.9,75,7.3,7.5,11.0,281.8,98.1,28,146,4.0,6.8,7.0,3.0,3.0,236.96,2021
4,5,Los Angeles Rams,17,406,607,66.9,4642,41,6.8,18,3.0,79,8.1,8.1,12.1,273.1,101.6,31,251,4.9,7.3,7.3,3.0,4.0,237.3,2021
5,6,Las Vegas Raiders,17,429,628,68.3,4567,23,3.7,14,2.2,61,7.7,7.4,11.2,268.6,93.8,40,241,6.0,6.8,6.6,3.0,6.0,123.07,2021
6,7,Cincinnati Bengals,17,384,555,69.2,4403,36,6.5,14,2.5,82,8.7,8.8,12.5,259.0,106.9,55,403,9.0,7.2,7.4,2.0,4.0,149.63,2021
7,8,Green Bay Packers,17,402,593,67.8,4315,39,6.6,7,1.2,75,7.6,8.4,11.3,253.8,107.4,33,211,5.3,6.9,7.6,1.0,2.0,168.4,2021
8,9,Buffalo Bills,17,415,655,63.4,4284,36,5.5,16,2.4,61,6.8,6.8,10.7,252.0,91.3,27,166,4.0,6.3,6.3,,,167.77,2021
9,10,Arizona Cardinals,17,415,591,70.2,4276,27,4.6,11,1.9,77,7.8,7.9,11.1,251.5,100.6,39,343,6.2,6.8,6.9,1.0,1.0,127.5,2021
10,11,Minnesota Vikings,17,398,604,65.9,4238,34,5.6,7,1.2,64,7.4,8.0,11.2,249.3,101.6,30,212,4.7,6.7,7.3,3.0,4.0,130.7,2021
11,12,San Francisco 49ers,17,343,514,66.7,4221,26,5.1,14,2.7,83,8.6,8.4,12.9,248.3,99.2,33,216,6.0,7.7,7.5,3.0,3.0,149.76,2021
12,13,Baltimore Ravens,17,396,611,64.8,3961,21,3.4,18,2.9,49,7.0,6.3,10.8,233.0,84.4,57,306,8.5,5.9,5.3,5.0,5.0,34.1,2021
13,14,New England Patriots,17,364,535,68.0,3857,24,4.5,13,2.4,75,7.7,7.5,11.3,226.9,95.5,28,241,5.0,6.9,6.7,1.0,1.0,115.8,2021
14,15,Pittsburgh Steelers,17,425,664,64.0,3778,23,3.5,11,1.7,59,6.0,6.0,9.5,222.2,85.3,38,239,5.4,5.4,5.3,7.0,7.0,15.15,2021
15,16,Atlanta Falcons,17,377,573,65.8,3713,20,3.5,15,2.6,64,7.0,6.5,10.6,218.4,86.6,40,274,6.5,6.1,5.6,3.0,4.0,32.37,2021
16,17,Miami Dolphins,17,404,615,65.7,3651,21,3.4,14,2.3,65,6.4,6.1,9.7,214.8,85.4,40,285,6.1,5.6,5.3,0.0,2.0,44.64,2021
17,18,Detroit Lions,17,396,593,66.8,3598,23,3.9,14,2.4,75,6.5,6.3,9.8,211.6,88.1,36,286,5.7,5.7,5.4,2.0,2.0,41.61,2021
18,19,Denver Broncos,17,354,541,65.4,3593,20,3.7,9,1.7,64,7.1,7.1,10.9,211.4,91.7,40,263,6.9,6.2,6.2,0.0,1.0,82.98,2021
19,20,New York Jets,17,357,603,59.2,3541,20,3.3,20,3.3,62,6.6,5.7,11.1,208.3,76.0,53,418,8.1,5.4,4.6,2.0,2.0,-31.09,2021
20,21,Washington Football Team,17,356,550,64.7,3441,21,3.8,15,2.7,73,6.8,6.3,10.5,202.4,85.8,43,305,7.3,5.8,5.4,3.0,4.0,22.56,2021
21,22,Jacksonville Jaguars,17,361,604,59.8,3436,12,2.0,17,2.8,58,6.1,5.2,10.2,202.1,72.1,32,238,5.0,5.4,4.6,1.0,2.0,-6.0,2021
22,23,Seattle Seahawks,17,324,495,65.5,3432,30,6.1,7,1.4,84,7.7,8.3,11.8,201.9,103.1,46,383,8.5,6.3,6.9,0.0,1.0,60.57,2021
23,24,Tennessee Titans,17,359,535,67.1,3418,22,4.1,14,2.6,57,7.0,6.6,10.4,201.1,90.0,47,327,8.1,5.9,5.5,3.0,4.0,54.39,2021
24,25,Philadelphia Eagles,17,307,494,62.1,3404,20,4.0,10,2.0,91,7.3,7.2,11.7,200.2,89.2,31,181,5.9,6.5,6.4,2.0,2.0,59.13,2021
25,26,Indianapolis Colts,17,324,521,62.2,3361,27,5.2,8,1.5,76,6.9,7.2,11.1,197.7,93.5,32,227,5.8,6.1,6.4,,,83.01,2021
26,27,Cleveland Browns,17,320,520,61.5,3320,21,4.0,14,2.7,71,7.0,6.6,11.3,195.3,84.6,49,299,8.6,5.8,5.5,,,18.49,2021
27,28,Houston Texans,17,354,546,64.8,3305,21,3.8,15,2.7,67,6.6,6.2,10.3,194.4,85.2,44,325,7.5,5.6,5.2,,,-7.51,2021
28,29,Carolina Panthers,17,348,599,58.1,3239,14,2.3,21,3.5,64,6.0,4.9,10.3,190.5,68.5,52,334,8.0,5.0,4.0,,,-80.57,2021
29,30,Chicago Bears,17,332,542,61.3,3207,16,3.0,20,3.7,64,6.7,5.6,10.9,188.6,75.5,58,428,9.7,5.3,4.4,2.0,2.0,-50.02,2021
30,31,New York Giants,17,351,593,59.2,3196,15,2.5,20,3.4,60,5.8,4.8,9.9,188.0,70.1,38,267,6.0,5.1,4.1,1.0,1.0,-77.67,2021
31,32,New Orleans Saints,17,293,504,58.1,3186,29,5.8,13,2.6,72,6.8,6.8,11.7,187.4,87.4,37,251,6.8,5.9,5.9,1.0,2.0,12.96,2021
0,1,Kansas City Chiefs,17,435,651,66.8,5062,41,6.3,12,1.8,67,8.1,8.5,12.1,297.8,104.7,26,188,3.8,7.5,7.9,4.0,4.0,232.54,2022
1,2,Tampa Bay Buccaneers,17,499,751,66.4,4586,26,3.5,10,1.3,63,6.3,6.4,9.5,269.8,89.8,22,160,2.8,5.9,6.0,4.0,5.0,80.72,2022
2,3,Los Angeles Chargers,17,485,711,68.2,4584,26,3.7,10,1.4,55,6.7,6.8,9.9,269.6,93.3,39,207,5.2,6.1,6.2,4.0,5.0,81.38,2022
3,4,Miami Dolphins,17,368,584,63.0,4511,30,5.1,15,2.6,84,8.2,8.0,12.9,265.4,95.0,35,254,5.7,7.3,7.2,2.0,3.0,102.99,2022
4,5,Minnesota Vikings,17,448,672,66.7,4484,30,4.5,15,2.2,66,7.2,7.1,10.8,263.8,93.1,47,334,6.5,6.2,6.1,8.0,8.0,121.85,2022
5,6,Detroit Lions,17,383,588,65.1,4281,29,4.9,7,1.2,81,7.6,8.0,11.6,251.8,99.3,24,163,3.9,7.0,7.4,3.0,3.0,173.06,2022
6,7,Cincinnati Bengals,16,418,610,68.5,4240,35,5.7,12,2.0,60,7.4,7.7,10.8,265.0,101.0,44,280,6.7,6.5,6.7,3.0,4.0,146.27,2022
7,8,Buffalo Bills,16,361,574,62.9,4129,35,6.1,14,2.4,98,7.5,7.6,11.9,258.1,95.8,33,162,5.4,6.8,6.9,3.0,4.0,129.14,2022
8,9,Philadelphia Eagles,17,350,536,65.3,4105,25,4.7,9,1.7,78,8.1,8.3,12.5,241.5,99.0,44,259,7.6,7.1,7.2,1.0,2.0,131.17,2022
9,10,Jacksonville Jaguars,17,394,596,66.1,3959,25,4.2,9,1.5,59,7.0,7.1,10.5,232.9,93.9,28,189,4.5,6.3,6.5,3.0,2.0,107.79,2022
10,11,Seattle Seahawks,17,399,573,69.6,3934,30,5.2,12,2.1,54,7.5,7.6,10.7,231.4,100.0,46,348,7.4,6.4,6.5,2.0,3.0,77.27,2022
11,12,Las Vegas Raiders,17,359,586,61.3,3934,28,4.8,17,2.9,60,7.1,6.8,11.6,231.4,86.7,35,248,5.6,6.3,6.0,4.0,3.0,71.68,2022
12,13,San Francisco 49ers,17,338,512,66.0,3856,30,5.9,9,1.8,57,7.9,8.3,12.0,226.8,102.3,31,193,5.7,7.1,7.5,2.0,2.0,166.88,2022
13,14,Dallas Cowboys,17,355,556,63.8,3736,28,5.0,18,3.2,68,7.0,6.6,11.0,219.8,87.9,27,175,4.6,6.4,6.0,2.0,4.0,106.51,2022
14,15,New York Jets,17,357,627,56.9,3723,15,2.4,14,2.2,79,6.4,5.9,11.3,219.0,75.0,42,317,6.3,5.6,5.1,2.0,3.0,-30.34,2022
15,16,New Orleans Saints,17,338,512,66.0,3692,24,4.7,14,2.7,68,7.8,7.5,11.7,217.2,93.6,38,277,6.9,6.7,6.4,2.0,2.0,47.61,2022
16,17,Green Bay Packers,17,364,563,64.7,3632,27,4.8,12,2.1,63,6.9,6.9,10.7,213.6,91.9,32,258,5.4,6.1,6.1,3.0,4.0,54.33,2022
17,18,Arizona Cardinals,17,433,664,65.2,3626,17,2.6,17,2.6,77,6.0,5.3,9.2,213.3,79.2,46,340,6.5,5.1,4.5,1.0,1.0,-33.98,2022
18,19,Denver Broncos,17,345,571,60.4,3592,18,3.2,15,2.6,67,7.0,6.5,11.6,211.3,81.2,63,415,9.9,5.7,5.2,3.0,3.0,-10.75,2022
19,20,New England Patriots,17,358,540,66.3,3536,19,3.5,14,2.6,53,7.1,6.6,10.7,208.0,87.7,41,279,7.1,6.1,5.7,0.0,0.0,20.69,2022
20,21,Washington Commanders,17,344,554,62.1,3472,24,4.3,16,2.9,75,6.8,6.4,11.0,204.2,84.7,48,311,8.0,5.8,5.4,4.0,3.0,0.93,2022
21,22,Cleveland Browns,17,335,540,62.0,3444,19,3.5,12,2.2,55,6.9,6.6,11.1,202.6,84.9,44,266,7.5,5.9,5.6,2.0,2.0,19.89,2022
22,23,Indianapolis Colts,17,398,604,65.9,3432,17,2.8,20,3.3,49,6.4,5.5,9.7,201.9,79.2,60,422,9.0,5.2,4.3,5.0,4.0,-65.4,2022
23,24,Pittsburgh Steelers,17,364,571,63.7,3411,12,2.1,14,2.5,57,6.4,5.7,10.1,200.6,78.7,38,250,6.2,5.6,5.0,3.0,5.0,29.27,2022
24,25,Houston Texans,17,352,579,60.8,3344,20,3.5,19,3.3,58,6.3,5.5,10.3,196.7,76.8,38,298,6.2,5.4,4.7,2.0,3.0,-58.31,2022
25,26,New York Giants,17,346,520,66.5,3157,17,3.3,6,1.2,65,6.6,6.7,9.9,185.7,91.1,49,274,8.6,5.5,5.7,4.0,5.0,21.83,2022
26,27,Los Angeles Rams,17,347,531,65.3,3108,16,3.0,15,2.8,75,6.6,5.9,10.1,182.8,82.3,59,398,10.0,5.3,4.7,1.0,1.0,-6.31,2022
27,28,Baltimore Ravens,17,300,488,61.5,3040,19,3.9,13,2.7,75,6.6,6.1,10.7,178.8,82.5,38,162,7.2,5.8,5.4,2.0,3.0,6.19,2022
28,29,Carolina Panthers,17,267,457,58.4,2996,16,3.5,13,2.8,75,7.1,6.5,12.2,176.2,80.2,36,250,7.3,6.1,5.5,0.0,1.0,-18.72,2022
29,30,Tennessee Titans,17,285,456,62.5,2914,16,3.5,11,2.4,69,7.1,6.7,11.3,171.4,85.3,49,313,9.7,5.8,5.4,,,-9.67,2022
30,31,Atlanta Falcons,17,257,415,61.9,2699,17,4.1,9,2.2,75,7.1,6.9,11.4,158.8,87.7,37,228,8.2,6.0,5.8,3.0,4.0,28.9,2022
31,32,Chicago Bears,17,223,377,59.2,2219,19,5.0,15,4.0,56,6.9,6.1,11.7,130.5,80.3,58,379,13.3,5.1,4.4,1.0,2.0,-64.19,2022
