,Rk,Tm,G,RshTD,RecTD,PR TD,KR TD,FblTD,IntTD,OthTD,AllTD,2PM,2PA,D2P,XPM,XPA,FGM,FGA,Sfty,Pts,Pts/G,Year
0,1,Tampa Bay Buccaneers,16,6,23,1.0,,1.0,4.0,,35,2.0,3,,32,32,32,39,2.0,346,21.6,2002
1,2,Philadelphia Eagles,16,15,27,1.0,,1.0,2.0,,46,3.0,3,,43,43,30,34,,415,25.9,2002
2,3,New York Giants,16,14,19,,,1.0,1.0,,35,1.0,3,,30,32,26,32,,320,20.0,2002
3,4,Miami Dolphins,16,24,18,,,1.0,1.0,,44,,1,,42,43,24,31,,378,23.6,2002
4,5,Carolina Panthers,16,11,15,2.0,,1.0,1.0,,30,1.0,1,,29,29,15,25,1.0,258,16.1,2002
5,6,Oakland Raiders,16,21,26,2.0,1.0,,3.0,,53,2.0,2,,50,50,26,33,,450,28.1,2002
6,7,Indianapolis Colts,16,12,27,,,,1.0,,40,3.0,5,,34,34,23,31,,349,21.8,2002
7,8,Atlanta Falcons,16,23,18,,1.0,1.0,1.0,,44,,0,,42,43,32,40,,402,25.1,2002
8,9,Jacksonville Jaguars,16,19,18,1.0,,,,,38,3.0,4,,33,33,19,27,2.0,328,20.5,2002
9,10,Cleveland Browns,16,10,27,2.0,1.0,,,,40,2.0,3,,34,35,22,28,,344,21.5,2002
10,11,Tennessee Titans,16,16,22,,,1.0,3.0,,42,2.0,6,,36,36,25,31,,367,22.9,2002
11,12,Green Bay Packers,16,12,29,,,,4.0,,45,,0,,44,44,28,34,,398,24.9,2002
12,13,Dallas Cowboys,16,7,14,,2.0,,3.0,,26,,0,,25,25,12,19,,217,13.6,2002
13,14,New York Jets,16,12,25,2.0,2.0,,,,41,3.0,3,,35,37,24,31,,359,22.4,2002
14,15,Denver Broncos,16,21,21,,,1.0,2.0,,45,,1,,42,43,26,36,1.0,392,24.5,2002
15,16,Pittsburgh Steelers,16,15,26,,1.0,,1.0,,43,5.0,5,,35,37,29,40,,390,24.4,2002
16,17,New England Patriots,16,9,28,,2.0,1.0,3.0,,43,3.0,6,,36,36,27,30,,381,23.8,2002
17,18,San Francisco 49ers,16,16,23,1.0,,,1.0,,41,2.0,2,,39,39,26,36,,367,22.9,2002
18,19,Baltimore Ravens,16,9,20,1.0,,1.0,2.0,3.0,36,2.0,3,,33,33,21,26,,316,19.8,2002
19,20,Houston Texans,16,6,11,1.0,,1.0,2.0,1.0,22,2.0,2,,20,20,17,24,3.0,213,13.3,2002
20,21,Washington Redskins,16,10,24,1.0,,1.0,1.0,,37,1.0,2,,33,34,16,25,1.0,307,19.2,2002
21,22,San Diego Chargers,16,19,17,,,3.0,1.0,,40,1.0,3,,35,36,18,26,1.0,333,20.8,2002
22,23,Seattle Seahawks,16,17,19,1.0,1.0,2.0,1.0,,41,1.0,2,,38,38,23,29,,355,22.2,2002
23,24,St. Louis Rams,16,11,24,1.0,,1.0,,,37,,0,,37,37,19,25,,316,19.8,2002
24,25,Chicago Bears,16,8,22,,,1.0,,,31,,2,,29,29,22,28,,281,17.6,2002
25,26,New Orleans Saints,16,16,27,1.0,2.0,2.0,1.0,,49,4.0,8,,37,37,31,35,,432,27.0,2002
26,27,Buffalo Bills,16,17,24,,1.0,1.0,1.0,,44,,2,,40,40,25,33,,379,23.7,2002
27,28,Kansas City Chiefs,16,26,27,2.0,1.0,1.0,,,57,1.0,2,,54,54,23,27,,467,29.2,2002
28,29,Arizona Cardinals,16,10,18,,1.0,,2.0,,31,1.0,2,,29,29,15,21,,262,16.4,2002
29,30,Minnesota Vikings,16,26,19,,,,1.0,,46,1.0,1,,41,44,23,29,1.0,390,24.4,2002
30,31,Detroit Lions,16,9,19,2.0,,2.0,1.0,1.0,34,1.0,3,,31,31,23,28,,306,19.1,2002
31,32,Cincinnati Bengals,16,13,17,,1.0,1.0,2.0,,34,,1,,30,32,15,18,,279,17.4,2002
0,1,New England Patriots,16,9,23,,1.0,1.0,5.0,,39,,0,,37,38,25,34,1.0,348,21.8,2003
1,2,Dallas Cowboys,16,11,17,,1.0,,2.0,,31,,0,,30,31,23,29,2.0,289,18.1,2003
2,3,Miami Dolphins,16,14,17,,,2.0,2.0,,35,,1,,33,34,22,29,1.0,311,19.4,2003
3,4,Tampa Bay Buccaneers,16,5,27,,,1.0,3.0,,36,1.0,2,,33,34,16,26,1.0,301,18.8,2003
4,5,Buffalo Bills,16,13,11,,,1.0,2.0,,27,,2,,24,24,17,24,3.0,243,15.2,2003
5,6,Baltimore Ravens,16,18,16,,,1.0,4.0,2.0,41,4.0,5,,35,35,34,40,,391,24.4,2003
6,7,Philadelphia Eagles,16,23,17,2.0,,,1.0,,43,,1,,42,42,24,29,1.0,374,23.4,2003
7,8,New York Jets,16,8,20,,1.0,,,,29,1.0,5,,24,24,27,32,1.0,283,17.7,2003
8,9,Denver Broncos,16,20,19,2.0,,,1.0,,42,1.0,1,,41,41,28,32,1.0,381,23.8,2003
9,10,Carolina Panthers,16,9,19,1.0,1.0,,3.0,,33,,3,,29,30,32,38,1.0,325,20.3,2003
10,11,Green Bay Packers,16,18,32,,,1.0,2.0,,53,2.0,2,,51,51,23,26,,442,27.6,2003
11,12,Cleveland Browns,16,8,17,,,,1.0,1.0,27,,3,,23,24,23,28,,254,15.9,2003
12,13,Tennessee Titans,16,11,30,1.0,,3.0,3.0,,48,3.0,4,,43,44,32,37,1.0,435,27.2,2003
13,14,New Orleans Saints,16,11,25,,,,2.0,1.0,39,1.0,2,,36,37,22,30,1.0,340,21.3,2003
14,15,Seattle Seahawks,16,17,27,1.0,,3.0,,,48,,0,,48,48,22,30,1.0,404,25.3,2003
15,16,Pittsburgh Steelers,16,10,19,2.0,,,2.0,,33,1.0,1,,31,32,23,32,,300,18.8,2003
16,17,St. Louis Rams,16,19,23,,,2.0,3.0,,47,,0,,46,46,39,42,1.0,447,27.9,2003
17,18,Jacksonville Jaguars,16,13,17,,,1.0,,,31,,1,,30,30,20,33,,276,17.3,2003
18,19,Kansas City Chiefs,16,32,24,2.0,2.0,,3.0,,63,,3,,58,59,16,20,,484,30.3,2003
19,20,Indianapolis Colts,16,16,29,,,1.0,2.0,,48,1.0,1,,46,46,37,37,,447,27.9,2003
20,21,San Francisco 49ers,16,16,25,,1.0,1.0,1.0,,44,1.0,2,,38,41,26,37,1.0,384,24.0,2003
21,22,Chicago Bears,16,13,12,1.0,2.0,,1.0,,29,2.0,2,,27,27,26,36,,283,17.7,2003
22,23,Minnesota Vikings,16,15,32,,,,4.0,,51,2.0,2,,48,48,18,25,2.0,416,26.0,2003
23,24,Washington Redskins,16,8,21,,1.0,,,,30,2.0,3,,26,27,25,33,1.0,287,17.9,2003
24,25,Oakland Raiders,16,15,9,2.0,1.0,,2.0,,29,,0,,28,29,22,25,1.0,270,16.9,2003
25,26,Detroit Lions,16,5,17,2.0,1.0,3.0,1.0,,29,2.0,2,,26,27,22,23,,270,16.9,2003
26,27,Houston Texans,16,14,14,,,,1.0,,29,,1,,27,27,18,22,,255,15.9,2003
27,28,Cincinnati Bengals,16,12,26,1.0,,1.0,,,40,,0,,40,40,22,25,,346,21.6,2003
28,29,New York Giants,16,6,16,,,2.0,2.0,,26,2.0,3,,23,23,20,27,,243,15.2,2003
29,30,Atlanta Falcons,16,17,14,1.0,,,3.0,,35,,1,,32,33,19,27,,299,18.7,2003
30,31,San Diego Chargers,16,16,21,,,,1.0,,38,2.0,2,,36,36,15,20,,313,19.6,2003
31,32,Arizona Cardinals,16,5,18,,1.0,,1.0,,25,1.0,5,,19,20,18,26,,225,14.1,2003
0,1,Pittsburgh Steelers,16,16,20,,,2.0,3.0,,41,,1,,40,40,28,33,1.0,372,23.3,2004
1,2,Philadelphia Eagles,16,10,32,,,,2.0,,44,,2,,41,42,27,32,,386,24.1,2004
2,3,New England Patriots,16,15,29,,1.0,3.0,1.0,,49,1.0,1,,48,48,31,33,,437,27.3,2004
3,4,New York Jets,16,15,19,,1.0,1.0,2.0,,38,,4,,33,34,24,29,,333,20.8,2004
4,5,Washington Redskins,16,6,18,,,,1.0,1.0,26,1.0,1,,25,25,19,27,,240,15.0,2004
5,6,Baltimore Ravens,16,11,13,2.0,,2.0,5.0,,33,1.0,2,,30,30,29,32,,317,19.8,2004
6,7,Jacksonville Jaguars,16,9,17,,,,,,26,4.0,4,,21,21,24,31,2.0,261,16.3,2004
7,8,Buffalo Bills,16,15,21,2.0,3.0,,4.0,1.0,46,,1,,45,45,24,28,1.0,395,24.7,2004
8,9,Denver Broncos,16,13,27,,,,2.0,,42,,0,,42,42,29,34,,381,23.8,2004
9,10,Tampa Bay Buccaneers,16,9,24,1.0,,2.0,1.0,,37,1.0,4,,32,33,15,24,,301,18.8,2004
10,11,San Diego Chargers,16,24,29,,1.0,,1.0,,55,,0,,54,55,20,25,1.0,446,27.9,2004
11,12,Arizona Cardinals,16,15,14,,,1.0,1.0,,31,1.0,3,,28,28,22,29,1.0,284,17.8,2004
12,13,Chicago Bears,16,10,9,1.0,,1.0,5.0,,26,1.0,4,,22,22,15,24,3.0,231,14.4,2004
13,14,Atlanta Falcons,16,20,15,1.0,,1.0,4.0,,41,,0,,40,40,18,23,,340,21.3,2004
14,15,Carolina Panthers,16,10,29,,,1.0,2.0,,42,2.0,2,,39,40,20,25,,355,22.2,2004
15,16,Houston Texans,16,16,16,,,3.0,2.0,,37,1.0,3,,34,34,17,24,,309,19.3,2004
16,17,New York Giants,16,18,12,,2.0,2.0,,,34,,1,,33,33,22,28,,303,18.9,2004
17,18,Detroit Lions,16,7,19,2.0,2.0,,1.0,1.0,32,1.0,3,,28,28,24,28,1.0,296,18.5,2004
18,19,Indianapolis Colts,16,10,51,,1.0,1.0,2.0,1.0,66,1.0,1,,64,65,20,26,,522,32.6,2004
19,20,Miami Dolphins,16,10,19,,1.0,1.0,,,31,2.0,4,,26,27,19,23,1.0,275,17.2,2004
20,21,Cincinnati Bengals,16,14,23,,,1.0,4.0,,42,,1,,41,41,27,31,,374,23.4,2004
21,22,Seattle Seahawks,16,17,23,,,,3.0,,43,2.0,3,,40,40,23,25,,371,23.2,2004
22,23,Green Bay Packers,16,9,36,,,3.0,2.0,,50,2.0,2,,48,48,24,28,,424,26.5,2004
23,24,Cleveland Browns,16,6,21,,1.0,,1.0,,29,1.0,1,,28,28,24,29,,276,17.3,2004
24,25,St. Louis Rams,16,11,23,,,3.0,,,37,4.0,4,,32,32,19,24,,319,19.9,2004
25,26,Minnesota Vikings,16,8,39,1.0,,1.0,1.0,,50,3.0,4,,45,45,18,22,,405,25.3,2004
26,27,New Orleans Saints,16,15,21,,2.0,1.0,,1.0,40,1.0,2,,38,38,22,27,1.0,348,21.8,2004
27,28,Dallas Cowboys,16,14,19,,,,,,33,1.0,2,,31,31,20,26,1.0,293,18.3,2004
28,29,Kansas City Chiefs,16,31,27,,2.0,1.0,1.0,,62,1.0,2,,58,60,17,23,,483,30.2,2004
29,30,Tennessee Titans,16,12,27,,,1.0,1.0,,41,1.0,2,,39,39,19,27,,344,21.5,2004
30,31,Oakland Raiders,16,10,24,,,,1.0,,35,1.0,3,,31,32,25,28,1.0,320,20.0,2004
31,32,San Francisco 49ers,16,10,16,1.0,,2.0,,,29,3.0,6,,23,23,18,22,1.0,259,16.2,2004
0,1,Chicago Bears,16,11,11,1.0,,,4.0,1.0,28,,0,,26,27,22,31,,260,16.3,2005
1,2,Indianapolis Colts,16,18,31,,,2.0,2.0,,53,,1,,52,52,23,26,,439,27.4,2005
2,3,Pittsburgh Steelers,16,21,21,2.0,,1.0,,,45,,0,,45,45,24,29,1.0,389,24.3,2005
3,4,Denver Broncos,16,25,18,,,,3.0,,46,1.0,1,,43,44,24,32,1.0,395,24.7,2005
4,5,Carolina Panthers,16,17,25,,,1.0,2.0,,45,,1,,43,44,26,34,,391,24.4,2005
5,6,Jacksonville Jaguars,16,18,21,,1.0,,2.0,,42,1.0,1,,38,39,23,30,,361,22.6,2005
6,7,Seattle Seahawks,16,29,25,,,1.0,2.0,,57,,0,,56,57,18,25,,452,28.3,2005
7,8,Tampa Bay Buccaneers,16,13,17,,,3.0,,,33,1.0,1,,32,32,22,27,1.0,300,18.8,2005
8,9,Washington Redskins,16,15,25,,2.0,1.0,1.0,,44,1.0,2,,42,42,17,21,,359,22.4,2005
9,10,Baltimore Ravens,16,5,17,,,2.0,1.0,,25,1.0,1,,23,23,30,35,,265,16.6,2005
10,11,Cleveland Browns,16,4,15,1.0,1.0,,,1.0,22,,0,,19,21,27,29,,232,14.5,2005
11,12,Dallas Cowboys,16,13,23,,,,2.0,,38,1.0,2,,35,36,20,28,,325,20.3,2005
12,13,San Diego Chargers,16,22,27,,,,2.0,,51,,0,,49,49,21,24,,418,26.1,2005
13,14,New York Giants,16,17,24,1.0,1.0,1.0,1.0,,45,2.0,2,,43,43,35,42,,422,26.4,2005
14,15,Miami Dolphins,16,11,22,,,1.0,,,34,,1,,33,33,25,30,3.0,318,19.9,2005
15,16,Kansas City Chiefs,16,26,17,,1.0,1.0,1.0,,46,1.0,1,,44,45,27,33,,403,25.2,2005
16,17,New England Patriots,16,16,28,,,,2.0,,46,1.0,4,,41,42,20,25,,379,23.7,2005
17,18,Atlanta Falcons,16,17,19,,,2.0,,1.0,39,4.0,4,,35,35,24,27,1.0,351,21.9,2005
18,19,Minnesota Vikings,16,10,18,1.0,1.0,,3.0,,33,1.0,1,,31,31,25,34,,306,19.1,2005
19,20,Green Bay Packers,16,11,20,1.0,,,2.0,,34,2.0,3,,30,31,20,27,,298,18.6,2005
20,21,Detroit Lions,16,10,15,,,1.0,2.0,,28,,0,,27,28,19,24,1.0,254,15.9,2005
21,22,Cincinnati Bengals,16,15,32,,,,1.0,,48,1.0,1,,47,47,28,32,,421,26.3,2005
22,23,New York Jets,16,10,11,,1.0,1.0,2.0,,25,,1,,24,24,22,28,,240,15.0,2005
23,24,Buffalo Bills,16,6,18,,1.0,,1.0,,26,,0,,26,26,29,35,1.0,271,16.9,2005
24,25,Oakland Raiders,16,11,21,,,,,1.0,33,1.0,3,,30,30,20,30,,290,18.1,2005
25,26,Arizona Cardinals,16,2,21,,,,3.0,,26,3.0,5,,20,20,43,45,,311,19.4,2005
26,27,Philadelphia Eagles,16,11,21,,,1.0,1.0,1.0,35,1.0,2,,32,33,22,29,,310,19.4,2005
27,28,New Orleans Saints,16,8,15,,,,,,23,,1,,22,22,25,32,,235,14.7,2005
28,29,Tennessee Titans,16,8,20,1.0,,2.0,2.0,,33,,1,,30,32,23,29,1.0,299,18.7,2005
29,30,San Francisco 49ers,16,9,8,1.0,,2.0,3.0,,23,1.0,2,,21,21,26,29,,239,14.9,2005
30,31,St. Louis Rams,16,13,23,,1.0,,2.0,1.0,40,2.0,3,,36,36,27,31,1.0,363,22.7,2005
31,32,Houston Texans,16,9,15,,2.0,,,,26,1.0,2,,24,24,26,34,,260,16.3,2005
0,1,Baltimore Ravens,16,11,21,,,1.0,5.0,,38,,1,,37,37,28,30,2.0,353,22.1,2006
1,2,New England Patriots,16,20,25,,1.0,,,,46,2.0,2,,43,44,20,26,1.0,385,24.1,2006
2,3,Chicago Bears,16,14,24,3.0,2.0,2.0,1.0,1.0,47,,0,,47,47,32,36,1.0,427,26.7,2006
3,4,Jacksonville Jaguars,16,23,17,,1.0,,1.0,,42,,0,,41,41,26,32,,371,23.2,2006
4,5,Miami Dolphins,16,7,16,,,1.0,2.0,,26,2.0,4,,22,22,26,36,,260,16.3,2006
5,6,New York Jets,16,15,17,,2.0,1.0,,,35,,0,,34,35,24,27,,316,19.8,2006
6,7,San Diego Chargers,16,32,24,,,3.0,,,59,1.0,1,,58,58,26,29,,492,30.8,2006
7,8,Carolina Panthers,16,7,19,,,,2.0,,28,,0,,28,28,24,27,1.0,270,16.9,2006
8,9,Denver Broncos,16,12,20,,,,2.0,,34,,0,,34,34,27,29,,319,19.9,2006
9,10,Buffalo Bills,16,9,19,1.0,,2.0,2.0,,33,,0,,33,33,23,25,,300,18.8,2006
10,11,Pittsburgh Steelers,16,16,23,1.0,,,2.0,,42,,0,,41,41,20,27,,353,22.1,2006
11,12,Kansas City Chiefs,16,17,18,1.0,,,,1.0,37,1.0,1,,35,36,24,31,,331,20.7,2006
12,13,New Orleans Saints,16,19,27,1.0,,1.0,,1.0,49,2.0,2,,46,47,23,26,,413,25.8,2006
13,14,Minnesota Vikings,16,12,13,1.0,,3.0,3.0,,32,,3,,27,28,21,25,,282,17.6,2006
14,15,Atlanta Falcons,16,9,21,,,1.0,1.0,,32,,1,,31,31,23,32,,292,18.3,2006
15,16,Philadelphia Eagles,16,13,31,,,1.0,4.0,,49,1.0,1,,48,48,18,23,,398,24.9,2006
16,17,Cincinnati Bengals,16,14,28,,,,1.0,,43,,0,,40,42,25,30,,373,23.3,2006
17,18,Oakland Raiders,16,5,7,,,2.0,2.0,,16,,0,,16,16,18,25,1.0,168,10.5,2006
18,19,Seattle Seahawks,16,8,26,1.0,,1.0,1.0,,37,1.0,1,,36,36,25,31,,335,20.9,2006
19,20,Dallas Cowboys,16,21,26,1.0,,1.0,3.0,,52,2.0,3,,49,49,20,28,,425,26.6,2006
20,21,Tampa Bay Buccaneers,16,6,14,,,,3.0,,23,,0,,22,23,17,22,,211,13.2,2006
21,22,Cleveland Browns,16,7,15,,1.0,1.0,1.0,,25,,0,,25,25,21,29,,238,14.9,2006
22,23,Indianapolis Colts,16,17,31,1.0,,1.0,,,50,1.0,2,,47,48,26,29,,427,26.7,2006
23,24,New York Giants,16,14,24,,,1.0,2.0,,41,,1,,38,38,23,27,1.0,355,22.2,2006
24,25,Green Bay Packers,16,9,18,,,1.0,4.0,,32,,0,,31,32,26,35,,301,18.8,2006
25,26,Houston Texans,16,13,14,,,2.0,1.0,,30,2.0,3,,26,27,19,25,,267,16.7,2006
26,27,Washington Redskins,16,13,19,1.0,1.0,,,,34,2.0,2,,31,31,22,30,1.0,307,19.2,2006
27,28,St. Louis Rams,16,13,24,,,1.0,1.0,,39,1.0,2,,35,35,32,37,,367,22.9,2006
28,29,Arizona Cardinals,16,12,17,,1.0,2.0,1.0,,33,,1,,32,32,28,37,,314,19.6,2006
29,30,Detroit Lions,16,9,21,,,,1.0,,31,,1,,30,30,29,33,1.0,305,19.1,2006
30,31,Tennessee Titans,16,15,13,3.0,,3.0,2.0,,36,3.0,3,,32,32,22,28,2.0,324,20.3,2006
31,32,San Francisco 49ers,16,12,16,,,1.0,1.0,,30,,0,,29,29,29,35,1.0,298,18.6,2006
0,1,Indianapolis Colts,16,19,32,1.0,,1.0,1.0,,54,2.0,3,,49,51,23,29,2.0,450,28.1,2007
1,2,Pittsburgh Steelers,16,9,34,,1.0,,2.0,,46,2.0,2,,44,44,23,25,,393,24.6,2007
2,3,Tampa Bay Buccaneers,16,15,18,,1.0,1.0,1.0,,36,,2,,34,34,28,33,,334,20.9,2007
3,4,New England Patriots,16,17,50,,2.0,3.0,3.0,,75,1.0,1,,74,74,21,24,,589,36.8,2007
4,5,San Diego Chargers,16,19,22,1.0,1.0,3.0,2.0,1.0,49,,1,,46,46,24,27,,412,25.8,2007
5,6,Seattle Seahawks,16,9,30,1.0,2.0,1.0,1.0,,44,,0,,43,43,28,34,1.0,393,24.6,2007
6,7,Green Bay Packers,16,13,30,2.0,,3.0,1.0,,49,,0,,48,48,31,39,,435,27.2,2007
7,8,Tennessee Titans,16,17,9,,,,2.0,,28,,0,,28,28,35,39,,301,18.8,2007
8,9,Philadelphia Eagles,16,12,24,,,2.0,,,38,,2,,36,36,24,32,,336,21.0,2007
9,10,Jacksonville Jaguars,16,18,28,,1.0,1.0,2.0,,50,1.0,1,,46,48,21,24,,411,25.7,2007
10,11,Washington Redskins,16,15,18,,,,2.0,,35,2.0,5,,29,30,29,35,2.0,334,20.9,2007
11,12,Minnesota Vikings,16,22,12,,1.0,2.0,6.0,,43,3.0,3,,39,40,20,24,1.0,365,22.8,2007
12,13,Dallas Cowboys,16,14,36,,,1.0,2.0,1.0,54,,1,,53,53,26,31,,455,28.4,2007
13,14,Kansas City Chiefs,16,6,17,,,1.0,,,24,1.0,3,,21,21,19,27,1.0,226,14.1,2007
14,15,Carolina Panthers,16,7,19,,,1.0,1.0,,28,,1,,27,27,24,28,,267,16.7,2007
15,16,Chicago Bears,16,8,18,4.0,2.0,,1.0,1.0,34,1.0,1,,33,33,31,36,1.0,334,20.9,2007
16,17,New York Giants,16,15,23,,1.0,2.0,3.0,,44,,1,,40,42,23,27,,373,23.3,2007
17,18,Buffalo Bills,16,8,12,1.0,1.0,1.0,2.0,,25,1.0,1,,24,24,24,27,2.0,252,15.8,2007
18,19,New York Jets,16,6,15,,3.0,1.0,,1.0,26,1.0,2,,23,24,29,36,,268,16.8,2007
19,20,San Francisco 49ers,16,8,15,,,1.0,,,24,,1,,22,22,17,19,1.0,219,13.7,2007
20,21,Cleveland Browns,16,13,29,1.0,2.0,,1.0,,46,2.0,3,,42,43,26,30,1.0,402,25.1,2007
21,22,Houston Texans,16,12,24,,4.0,3.0,,,43,3.0,3,,40,40,25,29,,379,23.7,2007
22,23,Baltimore Ravens,16,11,13,2.0,1.0,,1.0,,28,,2,,26,26,27,32,,275,17.2,2007
23,24,Cincinnati Bengals,16,10,26,,1.0,2.0,1.0,1.0,41,1.0,3,,37,37,31,34,1.0,380,23.8,2007
24,25,New Orleans Saints,16,14,28,,,2.0,3.0,,47,4.0,5,,42,42,15,22,1.0,379,23.7,2007
25,26,Oakland Raiders,16,11,17,,,,2.0,,30,2.0,2,,28,28,23,32,1.0,283,17.7,2007
26,27,Arizona Cardinals,16,9,32,1.0,,1.0,6.0,,49,,1,,47,48,21,30,,404,25.3,2007
27,28,Denver Broncos,16,10,21,1.0,,2.0,,,34,,1,,33,33,27,31,1.0,320,20.0,2007
28,29,Atlanta Falcons,16,7,18,,,1.0,,,26,,1,,25,25,26,34,,259,16.2,2007
29,30,Miami Dolphins,16,14,12,1.0,,1.0,1.0,,29,2.0,2,,26,26,21,23,,267,16.7,2007
30,31,St. Louis Rams,16,5,19,1.0,,,2.0,,27,1.0,2,,25,25,24,32,1.0,263,16.4,2007
31,32,Detroit Lions,16,13,19,,1.0,,3.0,1.0,37,,1,,35,36,29,35,1.0,346,21.6,2007
0,1,Pittsburgh Steelers,16,16,19,,,1.0,2.0,,38,,1,,36,37,27,31,1.0,347,21.7,2008
1,2,Tennessee Titans,16,24,13,,,,3.0,1.0,41,1.0,1,,40,40,29,33,,375,23.4,2008
2,3,Baltimore Ravens,16,20,16,,,1.0,5.0,,42,1.0,1,,41,41,28,35,3.0,385,24.1,2008
3,4,Philadelphia Eagles,16,15,23,1.0,1.0,3.0,2.0,,45,,0,,45,45,33,40,1.0,416,26.0,2008
4,5,New York Giants,16,19,23,,,,2.0,1.0,45,1.0,2,,41,41,36,39,3.0,427,26.7,2008
5,6,Washington Redskins,16,12,14,1.0,,,,,27,,2,,25,25,26,36,,265,16.6,2008
6,7,Indianapolis Colts,16,13,27,,,3.0,2.0,,45,2.0,2,,43,43,20,25,,377,23.6,2008
7,8,New England Patriots,16,21,21,,1.0,,,,43,2.0,3,,40,40,36,40,,410,25.6,2008
8,9,Miami Dolphins,16,18,20,,,,2.0,,40,,0,,40,40,21,25,1.0,345,21.6,2008
9,10,Tampa Bay Buccaneers,16,13,18,1.0,1.0,1.0,3.0,1.0,38,1.0,2,,35,36,32,38,,361,22.6,2008
10,11,Atlanta Falcons,16,23,16,1.0,,1.0,2.0,,43,1.0,1,,42,42,29,31,1.0,391,24.4,2008
11,12,Carolina Panthers,16,30,15,,,2.0,,,47,1.0,1,,46,46,28,31,,414,25.9,2008
12,13,Minnesota Vikings,16,15,22,1.0,,2.0,,1.0,41,,1,,40,40,29,34,3.0,379,23.7,2008
13,14,Buffalo Bills,16,16,14,1.0,1.0,,3.0,,35,1.0,1,,34,34,30,38,,336,21.0,2008
14,15,San Diego Chargers,16,13,34,,1.0,1.0,2.0,,51,2.0,5,,46,46,27,32,1.0,439,27.4,2008
15,16,Chicago Bears,16,15,20,,1.0,3.0,1.0,2.0,42,1.0,1,,41,41,26,29,1.0,375,23.4,2008
16,17,Cleveland Browns,16,6,11,,1.0,,2.0,,20,2.0,2,,18,18,30,36,,232,14.5,2008
17,18,New York Jets,16,20,22,,1.0,2.0,3.0,,48,2.0,6,,41,41,24,29,,405,25.3,2008
18,19,Cincinnati Bengals,16,6,11,,,2.0,1.0,,20,,2,,18,18,22,25,,204,12.8,2008
19,20,Dallas Cowboys,16,12,29,,1.0,,1.0,,43,,1,,42,42,20,22,1.0,362,22.6,2008
20,21,Jacksonville Jaguars,16,17,15,,,1.0,2.0,,35,,2,,33,33,19,25,1.0,302,18.9,2008
21,22,Green Bay Packers,16,11,28,2.0,,1.0,6.0,,48,2.0,2,,46,46,27,34,,419,26.2,2008
22,23,San Francisco 49ers,16,10,21,,1.0,1.0,1.0,2.0,36,1.0,2,,34,34,29,33,,339,21.2,2008
23,24,Oakland Raiders,16,9,13,3.0,2.0,,,,27,,1,,25,26,24,30,2.0,263,16.4,2008
24,25,Seattle Seahawks,16,10,18,,,2.0,2.0,,32,,2,,30,30,24,27,,294,18.4,2008
25,26,New Orleans Saints,16,20,34,3.0,,,,,57,,3,,53,54,22,27,1.0,463,28.9,2008
26,27,Houston Texans,16,16,21,2.0,,,1.0,,40,1.0,2,,37,37,29,33,,366,22.9,2008
27,28,Arizona Cardinals,16,14,31,,1.0,1.0,2.0,2.0,51,1.0,5,,44,44,25,28,,427,26.7,2008
28,29,Kansas City Chiefs,16,9,23,,,1.0,2.0,,35,1.0,4,,31,31,16,22,,291,18.2,2008
29,30,Denver Broncos,16,15,25,,,2.0,,,42,2.0,2,,39,40,25,34,,370,23.1,2008
30,31,St. Louis Rams,16,8,11,,,1.0,,,20,,1,,19,19,31,36,,232,14.5,2008
31,32,Detroit Lions,16,10,18,,,1.0,,,29,2.0,3,,25,26,21,22,1.0,268,16.8,2008
0,1,New York Jets,16,21,12,,1.0,1.0,1.0,1.0,37,2.0,5,,32,32,30,36,,348,21.8,2009
1,2,Dallas Cowboys,16,14,26,2.0,,,1.0,,43,1.0,1,,41,41,20,31,,361,22.6,2009
2,3,Baltimore Ravens,16,22,21,,1.0,1.0,2.0,,47,,0,,46,47,21,30,,391,24.4,2009
3,4,San Francisco 49ers,16,12,23,,,2.0,1.0,1.0,39,,0,,39,39,19,24,,330,20.6,2009
4,5,New England Patriots,16,19,28,,,,3.0,,50,1.0,3,,47,47,26,31,,427,26.7,2009
5,6,Cincinnati Bengals,16,9,21,,1.0,1.0,2.0,,34,2.0,5,,28,29,23,28,,305,19.1,2009
6,7,Green Bay Packers,16,20,30,,,1.0,3.0,,54,3.0,5,,48,49,27,36,1.0,461,28.8,2009
7,8,Indianapolis Colts,16,16,34,,1.0,,2.0,,53,,2,,50,51,16,20,,416,26.0,2009
8,9,Carolina Panthers,16,18,16,,,,1.0,,35,2.0,3,,31,32,22,27,2.0,315,19.7,2009
9,10,Minnesota Vikings,16,19,34,,2.0,1.0,,,56,,1,,54,55,26,28,1.0,470,29.4,2009
10,11,San Diego Chargers,16,17,29,1.0,,2.0,1.0,1.0,51,,0,,50,51,32,35,1.0,454,28.4,2009
11,12,Denver Broncos,16,9,21,1.0,1.0,2.0,,,34,,2,,32,32,30,35,,326,20.4,2009
12,13,Pittsburgh Steelers,16,10,28,,,1.0,2.0,,41,,0,,41,41,27,31,,368,23.0,2009
13,14,Atlanta Falcons,16,15,26,,,2.0,1.0,,44,,1,,42,43,19,29,,363,22.7,2009
14,15,Arizona Cardinals,16,16,27,,1.0,,1.0,1.0,46,,0,,45,46,18,19,,375,23.4,2009
15,16,Buffalo Bills,16,6,17,,,,2.0,,25,,1,,24,24,28,33,,258,16.1,2009
16,17,Houston Texans,16,13,29,,1.0,2.0,1.0,,46,1.0,2,,43,44,21,32,2.0,388,24.3,2009
17,18,Washington Redskins,16,8,21,,,,,,29,,1,,26,28,22,25,,266,16.6,2009
18,19,Philadelphia Eagles,16,14,27,2.0,,2.0,2.0,,47,2.0,2,,43,45,32,37,2.0,429,26.8,2009
19,20,New Orleans Saints,16,21,34,,1.0,2.0,5.0,1.0,64,,1,,60,63,22,28,,510,31.9,2009
20,21,Cleveland Browns,16,10,11,1.0,3.0,,,,25,1.0,2,,22,23,23,25,1.0,245,15.3,2009
21,22,Chicago Bears,16,6,27,1.0,1.0,,1.0,,36,2.0,2,,33,33,24,28,1.0,327,20.4,2009
22,23,Oakland Raiders,16,7,10,,,,,,17,,0,,17,17,26,29,,197,12.3,2009
23,24,Jacksonville Jaguars,16,19,15,,,,,,34,1.0,2,,30,31,18,28,,290,18.1,2009
24,25,Miami Dolphins,16,22,15,,2.0,1.0,1.0,,41,1.0,3,,37,38,25,28,,360,22.5,2009
25,26,Seattle Seahawks,16,7,20,,,1.0,2.0,,30,,2,,28,28,24,26,,280,17.5,2009
26,27,Tampa Bay Buccaneers,16,5,18,1.0,1.0,,2.0,1.0,28,2.0,4,,24,24,16,26,,244,15.3,2009
27,28,Tennessee Titans,16,19,16,,,,4.0,,39,1.0,2,,37,37,27,32,,354,22.1,2009
28,29,Kansas City Chiefs,16,8,18,,1.0,1.0,2.0,1.0,31,1.0,2,,29,29,25,29,1.0,294,18.4,2009
29,30,New York Giants,16,14,28,1.0,,1.0,2.0,,46,,1,,45,45,27,32,,402,25.1,2009
30,31,St. Louis Rams,16,4,12,,,,1.0,,17,,1,,16,16,19,24,,175,10.9,2009
31,32,Detroit Lions,16,9,16,,,1.0,2.0,,28,1.0,3,,25,25,21,28,2.0,262,16.4,2009
0,1,Pittsburgh Steelers,16,15,22,,1.0,,3.0,,41,2.0,2,,38,38,29,37,,375,23.4,2010
1,2,Green Bay Packers,16,11,31,,,1.0,3.0,,46,,0,,46,46,22,28,,388,24.3,2010
2,3,Baltimore Ravens,16,11,25,,1.0,,3.0,,40,,0,,39,39,26,29,,357,22.3,2010
3,4,Chicago Bears,16,10,23,3.0,,,1.0,,37,1.0,2,,35,35,25,30,,334,20.9,2010
4,5,Atlanta Falcons,16,14,28,1.0,1.0,1.0,2.0,,47,2.0,3,,44,44,28,31,,414,25.9,2010
5,6,New York Jets,16,14,20,,2.0,,3.0,,39,1.0,1,,37,37,30,39,2.0,367,22.9,2010
6,7,New Orleans Saints,16,9,33,,,,2.0,,44,,0,,43,43,25,31,1.0,384,24.0,2010
7,8,New England Patriots,16,19,37,1.0,2.0,1.0,4.0,1.0,65,,1,,62,64,22,25,,518,32.4,2010
8,9,Tampa Bay Buccaneers,16,9,26,,1.0,,3.0,,39,1.0,3,,36,36,23,28,,341,21.3,2010
9,10,San Diego Chargers,16,18,30,,,,3.0,,51,2.0,2,,48,48,27,33,1.0,441,27.6,2010
10,11,Kansas City Chiefs,16,13,27,1.0,,,3.0,,44,,2,,42,42,20,26,,366,22.9,2010
11,12,St. Louis Rams,16,9,18,,,,,,27,,0,,26,27,33,39,1.0,289,18.1,2010
12,13,Cleveland Browns,16,13,13,,,1.0,2.0,,29,,1,,28,28,23,28,,271,16.9,2010
13,14,Miami Dolphins,16,8,17,,,1.0,,,26,,1,,25,25,30,41,1.0,273,17.1,2010
14,15,Tennessee Titans,16,13,24,1.0,1.0,,1.0,,40,1.0,2,,38,38,24,26,2.0,356,22.3,2010
15,16,San Francisco 49ers,16,10,19,1.0,,,3.0,1.0,34,1.0,1,,33,33,22,27,,305,19.1,2010
16,17,New York Giants,16,17,31,,,,,,48,1.0,1,,47,47,19,23,,394,24.6,2010
17,18,Minnesota Vikings,16,16,14,,1.0,1.0,1.0,,33,1.0,2,,30,31,17,18,,281,17.6,2010
18,19,Detroit Lions,16,11,26,,1.0,1.0,2.0,,41,2.0,5,,35,36,25,30,1.0,362,22.6,2010
19,20,Oakland Raiders,16,19,18,,3.0,1.0,2.0,1.0,44,,1,,43,43,33,41,2.0,410,25.6,2010
20,21,Philadelphia Eagles,16,18,28,1.0,,1.0,1.0,,49,1.0,2,,47,47,32,38,,439,27.4,2010
21,22,Washington Redskins,16,9,21,,1.0,1.0,1.0,,33,2.0,4,,28,28,24,35,,302,18.9,2010
22,23,Indianapolis Colts,16,13,33,,1.0,1.0,2.0,1.0,51,,0,,51,51,26,28,,435,27.2,2010
23,24,Cincinnati Bengals,16,8,26,,,1.0,1.0,,36,2.0,4,,30,32,24,31,,322,20.1,2010
24,25,Seattle Seahawks,16,13,14,,3.0,,2.0,1.0,33,2.0,2,,31,31,25,30,1.0,310,19.4,2010
25,26,Carolina Panthers,16,7,9,,,,1.0,,17,,0,,17,17,25,29,1.0,196,12.3,2010
26,27,Jacksonville Jaguars,16,14,26,1.0,,,,,41,,0,,41,41,22,28,,353,22.1,2010
27,28,Buffalo Bills,16,6,24,,1.0,1.0,2.0,,34,,2,,31,32,16,21,,283,17.7,2010
28,29,Houston Texans,16,20,24,,,,,,44,1.0,1,,43,43,27,30,,390,24.4,2010
29,30,Arizona Cardinals,16,9,10,,2.0,7.0,3.0,,31,1.0,2,,29,29,24,27,,289,18.1,2010
30,31,Dallas Cowboys,16,10,29,3.0,,1.0,3.0,,46,2.0,2,,42,44,24,32,,394,24.6,2010
31,32,Denver Broncos,16,13,25,,1.0,1.0,,,40,,1,,38,39,22,25,,344,21.5,2010
0,1,Pittsburgh Steelers,16,13,21,1.0,,1.0,,,36,,0,,36,36,23,31,2.0,325,20.3,2011
1,2,San Francisco 49ers,16,14,18,1.0,1.0,,1.0,,35,1.0,1,,34,34,44,52,1.0,380,23.8,2011
2,3,Baltimore Ravens,16,15,21,1.0,,3.0,1.0,,41,1.0,1,,40,40,30,39,,378,23.6,2011
3,4,Houston Texans,16,18,20,1.0,,1.0,1.0,,41,,1,,39,40,32,38,,381,23.8,2011
4,5,Cleveland Browns,16,4,16,1.0,,,,,21,,1,,20,20,24,29,,218,13.6,2011
5,6,Miami Dolphins,16,11,20,,,,1.0,1.0,33,,1,,32,32,33,39,,329,20.6,2011
6,7,Seattle Seahawks,16,15,15,,,,4.0,1.0,35,,1,,34,34,25,30,1.0,321,20.1,2011
7,8,Tennessee Titans,16,8,22,1.0,1.0,,1.0,1.0,34,,0,,34,34,29,32,,325,20.3,2011
8,9,Cincinnati Bengals,16,10,21,1.0,,2.0,1.0,,35,,1,,33,34,33,38,1.0,344,21.5,2011
9,10,Philadelphia Eagles,16,20,22,,,3.0,1.0,,46,,0,,46,46,24,27,1.0,396,24.8,2011
10,11,Jacksonville Jaguars,16,9,12,,,3.0,,1.0,25,,1,,24,24,23,25,,243,15.2,2011
11,12,Kansas City Chiefs,16,5,13,,,,2.0,,20,,0,,20,20,24,30,,212,13.3,2011
12,13,New Orleans Saints,16,16,46,1.0,,2.0,1.0,,66,2.0,3,,63,63,28,34,,547,34.2,2011
13,14,Chicago Bears,16,10,18,2.0,1.0,3.0,4.0,,38,1.0,1,,37,37,28,32,1.0,353,22.1,2011
14,15,New England Patriots,16,18,39,1.0,,1.0,2.0,,61,2.0,2,,59,59,28,33,,513,32.1,2011
15,16,Dallas Cowboys,16,5,33,,,,1.0,,39,,0,,39,39,32,37,,369,23.1,2011
16,17,Arizona Cardinals,16,12,21,4.0,,,,,37,,2,,33,33,19,24,,312,19.5,2011
17,18,Atlanta Falcons,16,14,29,,,1.0,2.0,,46,,1,,45,45,27,29,,402,25.1,2011
18,19,Green Bay Packers,16,12,51,1.0,1.0,1.0,4.0,,70,,1,,68,69,24,28,,560,35.0,2011
19,20,New York Jets,16,14,26,,1.0,1.0,2.0,1.0,45,,1,,44,44,19,25,3.0,377,23.6,2011
20,21,Washington Redskins,16,8,19,,,,1.0,,28,1.0,2,,25,26,31,41,,288,18.0,2011
21,22,San Diego Chargers,16,16,27,,1.0,1.0,1.0,,46,1.0,1,,44,45,28,35,,406,25.4,2011
22,23,Detroit Lions,16,9,41,,,2.0,5.0,,57,3.0,3,,54,54,24,29,1.0,476,29.6,2011
23,24,Denver Broncos,16,11,20,2.0,,,3.0,,36,3.0,6,,30,30,19,25,,309,19.3,2011
24,25,New York Giants,16,17,29,,,1.0,,,47,4.0,4,,43,43,19,24,2.0,394,24.6,2011
25,26,St. Louis Rams,16,7,9,1.0,,,1.0,,18,,0,,18,18,21,28,2.0,193,12.1,2011
26,27,Carolina Panthers,16,26,21,,1.0,,,,48,2.0,3,,44,45,22,28,2.0,406,25.4,2011
27,28,Indianapolis Colts,16,8,14,,,1.0,2.0,,25,,1,,24,24,23,27,,243,15.2,2011
28,29,Oakland Raiders,16,16,20,,1.0,1.0,,,38,,2,,36,36,31,35,1.0,359,22.4,2011
29,30,Buffalo Bills,16,12,24,1.0,,2.0,4.0,,43,1.0,2,,41,41,23,31,1.0,372,23.3,2011
30,31,Minnesota Vikings,16,18,20,,1.0,,,,39,,0,,38,39,22,28,1.0,340,21.3,2011
31,32,Tampa Bay Buccaneers,16,9,17,,,1.0,3.0,,30,2.0,7,,23,23,26,28,1.0,287,17.9,2011
0,1,Seattle Seahawks,16,16,27,,1.0,1.0,2.0,2.0,49,,0,,46,48,24,27,,412,25.8,2012
1,2,San Francisco 49ers,16,17,23,,,2.0,2.0,,44,,0,,44,44,29,42,1.0,397,24.8,2012
2,3,Chicago Bears,16,11,21,,,1.0,8.0,1.0,42,1.0,2,,40,40,27,33,,375,23.4,2012
3,4,Denver Broncos,16,12,37,1.0,1.0,1.0,5.0,,57,1.0,2,,55,55,26,32,2.0,481,30.1,2012
4,5,Atlanta Falcons,16,12,32,,,1.0,1.0,,46,,2,,44,44,33,38,,419,26.2,2012
5,6,Pittsburgh Steelers,16,8,27,,,,1.0,,36,1.0,2,,34,34,28,31,,336,21.0,2012
6,7,Miami Dolphins,16,15,13,1.0,1.0,,,1.0,31,2.0,2,,29,29,23,30,,288,18.0,2012
7,8,Cincinnati Bengals,16,11,28,1.0,,1.0,2.0,,43,,0,,43,43,30,35,,391,24.4,2012
8,9,Houston Texans,16,19,22,,,,3.0,2.0,46,,0,,45,45,31,38,1.0,416,26.0,2012
9,10,New England Patriots,16,25,34,1.0,1.0,4.0,2.0,,67,,1,,66,66,29,35,1.0,557,34.8,2012
10,11,Green Bay Packers,16,9,40,1.0,,1.0,1.0,1.0,53,1.0,3,,50,50,21,33,,433,27.1,2012
11,12,Baltimore Ravens,16,17,22,1.0,2.0,,2.0,,44,1.0,1,,42,42,30,33,,398,24.9,2012
12,13,New York Giants,16,18,26,,1.0,1.0,1.0,,47,1.0,1,,46,46,33,39,,429,26.8,2012
13,14,Minnesota Vikings,16,16,18,1.0,1.0,,3.0,,39,2.0,3,,36,36,35,38,,379,23.7,2012
14,15,St. Louis Rams,16,5,22,,,1.0,4.0,,32,5.0,6,,26,26,23,31,1.0,299,18.7,2012
15,16,San Diego Chargers,16,4,26,1.0,1.0,2.0,5.0,,39,,0,,39,39,25,27,1.0,350,21.9,2012
16,17,Arizona Cardinals,16,10,11,,,1.0,2.0,1.0,25,,0,,25,25,25,28,,250,15.6,2012
17,18,Carolina Panthers,16,21,19,,,1.0,3.0,,44,,0,,43,44,16,21,1.0,357,22.3,2012
18,19,Cleveland Browns,16,12,16,1.0,,,2.0,,31,,1,,29,29,29,31,,302,18.9,2012
19,20,New York Jets,16,12,14,1.0,1.0,1.0,2.0,,31,,1,,30,30,21,27,1.0,281,17.6,2012
20,21,Indianapolis Colts,16,11,23,1.0,1.0,,4.0,,40,1.0,2,,37,37,26,33,,357,22.3,2012
21,22,Washington Redskins,16,22,24,,,3.0,3.0,,52,1.0,1,,50,51,24,30,,436,27.3,2012
22,23,Tampa Bay Buccaneers,16,13,27,,,,3.0,1.0,44,1.0,4,,39,39,28,33,,389,24.3,2012
23,24,Dallas Cowboys,16,8,29,1.0,,2.0,1.0,,41,3.0,4,,37,37,29,31,,376,23.5,2012
24,25,Kansas City Chiefs,16,9,8,,,1.0,,,18,,1,,17,17,28,34,1.0,211,13.2,2012
25,26,Buffalo Bills,16,12,24,2.0,1.0,,1.0,,40,,1,,39,39,21,24,1.0,344,21.5,2012
26,27,Detroit Lions,16,17,22,,,,,,39,1.0,1,,38,38,32,36,1.0,372,23.3,2012
27,28,Oakland Raiders,16,4,24,,,,,,28,2.0,3,,25,25,31,34,,290,18.1,2012
28,29,Philadelphia Eagles,16,10,18,1.0,,,,,29,,3,,25,26,27,31,,280,17.5,2012
29,30,Jacksonville Jaguars,16,5,20,,,,,1.0,26,3.0,7,,18,19,25,28,,255,15.9,2012
30,31,New Orleans Saints,16,10,43,,,,4.0,1.0,58,1.0,1,,57,57,18,22,,461,28.8,2012
31,32,Tennessee Titans,16,10,17,3.0,1.0,1.0,4.0,,36,1.0,1,,35,35,25,31,1.0,330,20.6,2012
0,1,Seattle Seahawks,16,14,27,,,1.0,3.0,,45,,1,,44,44,33,35,2.0,417,26.1,2013
1,2,Carolina Panthers,16,14,24,,,,4.0,,42,,0,,42,42,24,27,,366,22.9,2013
2,3,San Francisco 49ers,16,18,21,,,3.0,2.0,,44,,0,,44,44,32,36,1.0,406,25.4,2013
3,4,New Orleans Saints,16,10,39,,,,,,49,,1,,48,48,24,32,,414,25.9,2013
4,5,Cincinnati Bengals,16,14,33,,,2.0,4.0,1.0,54,,1,,52,53,18,22,,430,26.9,2013
5,6,Kansas City Chiefs,16,17,24,2.0,2.0,2.0,5.0,2.0,54,,0,,52,52,22,28,,442,26.9,2013
6,7,Arizona Cardinals,16,12,24,,,1.0,4.0,,41,1.0,4,,37,37,30,36,2.0,379,23.7,2013
7,8,Miami Dolphins,16,8,24,,,,2.0,,34,,1,,33,33,26,34,1.0,317,19.8,2013
8,9,Indianapolis Colts,16,15,23,,,,1.0,1.0,40,4.0,6,,34,34,35,40,2.0,391,24.4,2013
9,10,New England Patriots,16,19,25,,,1.0,2.0,,47,2.0,3,,44,44,38,41,,444,27.8,2013
10,11,San Diego Chargers,16,9,32,,,,1.0,,42,,0,,42,42,34,37,,396,24.8,2013
11,12,Baltimore Ravens,16,7,19,1.0,1.0,,1.0,,29,3.0,3,,26,26,38,41,,320,20.0,2013
12,13,St. Louis Rams,16,10,22,1.0,,3.0,2.0,,38,3.0,4,,34,34,26,28,1.0,348,21.8,2013
13,14,Pittsburgh Steelers,16,9,28,1.0,,,3.0,,41,1.0,2,,39,39,30,32,1.0,379,23.7,2013
14,15,Detroit Lions,16,15,29,1.0,1.0,1.0,1.0,,48,2.0,5,,42,43,19,24,2.0,395,24.7,2013
15,16,Tennessee Titans,16,16,22,,,2.0,1.0,,41,,0,,41,41,25,29,,362,22.6,2013
16,17,Philadelphia Eagles,16,19,32,,,1.0,1.0,,53,3.0,8,,45,45,23,28,2.0,442,27.6,2013
17,18,New York Giants,16,11,18,,,,2.0,1.0,32,1.0,1,,31,31,23,26,,294,18.4,2013
18,19,New York Jets,16,12,13,,,,1.0,1.0,27,,0,,27,27,33,36,1.0,290,18.1,2013
19,20,Buffalo Bills,16,15,16,,,1.0,2.0,,34,2.0,2,,32,32,33,36,,339,21.2,2013
20,21,Tampa Bay Buccaneers,16,6,22,,,,3.0,,31,,0,,31,31,23,29,1.0,288,18.0,2013
21,22,Denver Broncos,16,16,55,1.0,1.0,1.0,1.0,1.0,76,,1,,75,75,25,26,,606,37.9,2013
22,23,Cleveland Browns,16,4,26,1.0,,1.0,3.0,1.0,36,2.0,2,,33,33,21,26,,316,19.3,2013
23,24,Houston Texans,16,7,19,1.0,,,1.0,,28,1.0,1,,26,26,26,35,1.0,276,17.3,2013
24,25,Green Bay Packers,16,17,25,1.0,,3.0,,,46,,4,,42,42,33,37,,417,26.1,2013
25,26,Dallas Cowboys,16,12,33,1.0,,3.0,2.0,,51,1.0,4,,47,47,28,30,,439,27.4,2013
26,27,Atlanta Falcons,16,11,26,,,1.0,2.0,,40,1.0,1,,39,39,24,27,,353,22.1,2013
27,28,Jacksonville Jaguars,16,7,16,,,1.0,1.0,,25,,2,,22,23,23,25,3.0,247,15.4,2013
28,29,Oakland Raiders,16,16,17,,,2.0,1.0,1.0,37,,0,,37,37,21,30,,322,20.1,2013
29,30,Washington Redskins,16,14,20,,,1.0,4.0,,39,2.0,5,,33,33,21,26,,334,20.9,2013
30,31,Chicago Bears,16,13,32,1.0,,1.0,5.0,,52,5.0,6,,45,46,26,29,,445,27.8,2013
31,32,Minnesota Vikings,16,23,18,1.0,2.0,1.0,,,45,,1,,43,44,26,30,,391,24.4,2013
0,1,Seattle Seahawks,16,20,20,,,,2.0,1.0,43,,1,,41,41,31,37,1.0,394,24.6,2014
1,2,Kansas City Chiefs,16,18,18,1.0,1.0,1.0,1.0,,40,,2,,38,38,25,30,,353,22.1,2014
2,3,Detroit Lions,16,11,22,,,1.0,1.0,,35,1.0,3,,32,32,25,38,1.0,321,20.1,2014
3,4,Buffalo Bills,16,7,23,1.0,1.0,1.0,,1.0,34,2.0,2,,31,32,34,38,1.0,343,21.4,2014
4,5,Arizona Cardinals,16,6,21,1.0,,1.0,3.0,,32,2.0,5,,27,27,29,33,,310,19.4,2014
5,6,Baltimore Ravens,16,16,27,,1.0,,1.0,1.0,46,1.0,3,,42,42,29,34,1.0,409,25.6,2014
6,7,Houston Texans,16,12,22,,,1.0,4.0,1.0,40,,0,,40,40,30,35,1.0,372,23.3,2014
7,8,New England Patriots,16,13,34,1.0,,2.0,,2.0,52,,1,,51,51,35,37,,468,29.3,2014
8,9,Cleveland Browns,16,17,12,,,1.0,2.0,,32,,2,,30,30,25,32,1.0,299,18.7,2014
9,10,San Francisco 49ers,16,10,20,,,1.0,2.0,,33,,0,,33,33,25,31,,306,19.1,2014
10,11,Minnesota Vikings,16,12,17,,,2.0,2.0,2.0,35,4.0,4,,29,29,26,35,,325,20.3,2014
11,12,Cincinnati Bengals,16,19,20,,,,1.0,,40,1.0,1,,39,39,26,33,3.0,365,22.8,2014
12,13,San Diego Chargers,16,6,31,,,3.0,,,40,,0,,40,40,22,26,1.0,348,21.8,2014
13,14,Green Bay Packers,16,14,38,2.0,,1.0,3.0,,58,1.0,3,,53,55,27,33,1.0,486,30.4,2014
14,15,Dallas Cowboys,16,16,37,,,1.0,2.0,,56,,0,,56,56,25,29,,467,29.2,2014
15,16,Denver Broncos,16,15,40,,,1.0,2.0,,58,2.0,2,,56,56,24,29,1.0,482,30.1,2014
16,17,St. Louis Rams,16,11,20,2.0,,,3.0,,36,1.0,1,,34,35,24,30,,324,20.3,2014
17,18,Pittsburgh Steelers,16,10,33,1.0,,1.0,4.0,,49,4.0,4,,45,45,29,32,1.0,436,27.3,2014
18,19,Indianapolis Colts,16,9,42,,,1.0,1.0,,53,,3,,50,50,30,31,,458,28.6,2014
19,20,Miami Dolphins,16,12,27,,,1.0,2.0,,42,1.0,1,,41,41,29,37,3.0,388,24.3,2014
20,21,Carolina Panthers,16,10,23,1.0,,,2.0,,36,1.0,2,,34,34,29,35,,339,21.2,2014
21,22,Philadelphia Eagles,16,16,27,2.0,2.0,2.0,2.0,3.0,54,,0,,54,54,32,36,,474,29.6,2014
22,23,New York Giants,16,13,30,,,1.0,,,44,,0,,44,44,24,26,,380,23.8,2014
23,24,New York Jets,16,11,16,,,,,,27,,4,,23,23,32,39,1.0,283,17.7,2014
24,25,Tampa Bay Buccaneers,16,7,21,,,,3.0,,31,,0,,31,31,20,24,,277,17.3,2014
25,26,Jacksonville Jaguars,16,9,15,,,2.0,1.0,,27,1.0,4,,23,23,20,26,1.0,249,15.6,2014
26,27,Atlanta Falcons,16,11,28,1.0,,1.0,1.0,,42,1.0,2,,40,40,29,32,,381,23.8,2014
27,28,New Orleans Saints,16,16,33,,,,,,49,,1,,46,47,19,22,2.0,401,25.1,2014
28,29,Washington Redskins,16,15,18,,,,,,33,,1,,31,32,24,27,,301,18.8,2014
29,30,Tennessee Titans,16,6,20,,,1.0,1.0,,28,,1,,27,27,19,22,1.0,254,15.9,2014
30,31,Chicago Bears,16,8,30,,1.0,,1.0,,40,5.0,5,,33,35,12,16,,319,19.9,2014
31,32,Oakland Raiders,16,4,22,,,1.0,,1.0,28,,0,,28,28,19,22,,253,15.8,2014
0,1,Seattle Seahawks,16,10,34,1.0,1.0,3.0,,,49,1.0,5,,40,44,29,31,,423,26.4,2015
1,2,Cincinnati Bengals,16,18,31,,,,1.0,,50,1.0,1,,48,49,23,28,,419,26.2,2015
2,3,Kansas City Chiefs,16,19,20,,,2.0,4.0,,45,2.0,4,,39,41,30,37,1.0,405,25.3,2015
3,4,Denver Broncos,16,13,19,1.0,,1.0,4.0,,38,,1,,35,36,30,35,1.0,355,22.2,2015
4,5,Minnesota Vikings,16,18,14,1.0,2.0,1.0,2.0,,38,1.0,1,,33,37,34,39,,365,22.8,2015
5,6,Carolina Panthers,16,19,35,,,1.0,4.0,,59,,0,,56,59,30,36,,500,31.3,2015
6,7,Arizona Cardinals,16,16,35,,1.0,2.0,4.0,,58,,0,,53,58,28,31,2.0,489,30.6,2015
7,8,Houston Texans,16,7,29,,,1.0,2.0,,39,2.0,3,,32,36,23,27,,339,21.2,2015
8,9,New York Jets,16,11,33,,,,,,44,,0,,42,43,27,33,,387,24.2,2015
9,10,New England Patriots,16,14,36,,,2.0,,,52,,0,,52,52,33,36,1.0,465,29.1,2015
10,11,Pittsburgh Steelers,16,16,26,1.0,,,2.0,,45,8.0,11,,32,34,35,42,,423,26.4,2015
11,12,Green Bay Packers,16,8,31,,,1.0,2.0,,42,4.0,6,,36,36,24,28,,368,23.0,2015
12,13,St. Louis Rams,16,16,11,1.0,,2.0,1.0,,31,1.0,2,,27,29,21,31,1.0,280,17.5,2015
13,14,Atlanta Falcons,16,13,21,,,3.0,1.0,,38,1.0,3,,34,34,25,31,,339,21.2,2015
14,15,Buffalo Bills,16,19,23,,,1.0,2.0,,45,2.0,5,,34,40,23,27,1.0,379,23.7,2015
15,16,Dallas Cowboys,16,8,16,,,,1.0,1.0,26,1.0,1,,25,25,30,32,1.0,275,17.2,2015
16,17,Washington Redskins,16,9,30,,2.0,1.0,1.0,1.0,44,2.0,3,,40,41,26,30,1.0,388,24.3,2015
17,18,San Francisco 49ers,16,7,16,,,,1.0,,24,1.0,2,,20,21,24,27,,238,14.9,2015
18,19,Miami Dolphins,16,11,24,1.0,,,3.0,,39,2.0,3,,33,36,13,16,,310,19.4,2015
19,20,Chicago Bears,16,13,21,,,,,,34,2.0,5,,28,29,33,39,,335,20.9,2015
20,21,San Diego Chargers,16,4,30,,,,1.0,,35,2.0,3,,28,32,26,32,,320,20.0,2015
21,22,Oakland Raiders,16,7,34,,,,1.0,,42,1.0,3,,38,39,21,26,2.0,359,22.4,2015
22,23,Detroit Lions,16,7,33,,,1.0,1.0,,42,,3,,36,39,22,24,2.0,358,22.4,2015
23,24,Baltimore Ravens,16,8,21,1.0,,1.0,1.0,1.0,33,1.0,4,,29,29,33,40,,328,20.5,2015
24,25,Indianapolis Colts,16,6,26,,,1.0,4.0,,37,1.0,2,,32,35,25,27,1.0,333,20.8,2015
25,26,Tampa Bay Buccaneers,16,12,22,,,2.0,1.0,,37,1.0,3,,31,34,29,40,,342,21.4,2015
26,27,Tennessee Titans,16,10,25,,,1.0,1.0,,37,3.0,5,,29,31,14,16,,299,18.7,2015
27,28,Philadelphia Eagles,16,15,23,2.0,,1.0,3.0,1.0,45,,0,,42,44,21,26,1.0,377,23.6,2015
28,29,Cleveland Browns,16,5,20,1.0,,,2.0,,28,2.0,4,,22,24,28,32,,278,17.4,2015
29,30,New York Giants,16,5,36,1.0,1.0,2.0,2.0,,47,1.0,2,,44,45,30,32,1.0,420,26.3,2015
30,31,Jacksonville Jaguars,16,5,35,1.0,,2.0,1.0,,44,1.0,5,,32,39,26,30,,376,23.5,2015
31,32,New Orleans Saints,16,16,32,1.0,,1.0,,1.0,51,1.0,4,1.0,44,46,18,26,,408,25.5,2015
0,1,New England Patriots,16,19,32,,,,,,51,1.0,2,,46,49,27,32,3.0,441,27.6,2016
1,2,New York Giants,16,6,26,,,2.0,1.0,1.0,36,,1,,31,35,21,22,,310,19.4,2016
2,3,Seattle Seahawks,16,13,23,,,1.0,,,37,1.0,2,,29,35,33,37,1.0,354,22.1,2016
3,4,Denver Broncos,16,11,20,,,1.0,3.0,,35,1.0,2,1.0,32,33,29,34,,333,20.8,2016
4,5,Dallas Cowboys,16,24,25,,,,,,49,,2,,46,46,27,32,,421,26.3,2016
5,6,Minnesota Vikings,16,9,20,2.0,1.0,2.0,2.0,,36,1.0,3,,26,33,27,31,1.0,327,20.4,2016
6,7,Kansas City Chiefs,16,15,19,2.0,1.0,1.0,4.0,,42,2.0,2,1.0,36,39,31,35,1.0,389,24.3,2016
7,8,Cincinnati Bengals,16,17,18,,,,,,35,,0,,29,35,28,35,1.0,325,20.3,2016
8,9,Baltimore Ravens,16,10,20,,,1.0,,1.0,32,4.0,5,1.0,27,27,38,39,,343,21.4,2016
9,10,Pittsburgh Steelers,16,13,33,,,1.0,,,47,3.0,9,,37,37,24,28,1.0,399,24.9,2016
10,11,Houston Texans,16,8,15,1.0,,,1.0,,25,,0,,22,25,35,41,1.0,279,17.4,2016
11,12,Philadelphia Eagles,16,16,16,,2.0,,3.0,,37,4.0,6,,30,31,35,41,1.0,367,22.9,2016
12,13,Detroit Lions,16,9,24,2.0,,,1.0,,36,1.0,2,,31,33,31,36,2.0,346,21.6,2016
13,14,Arizona Cardinals,16,20,28,,,1.0,2.0,,51,1.0,4,,43,47,21,28,2.0,418,26.1,2016
14,15,Tampa Bay Buccaneers,16,8,29,,,,4.0,,41,4.0,7,,32,34,22,31,1.0,354,22.1,2016
15,16,Tennessee Titans,16,16,29,,,1.0,,,46,,5,,39,41,22,24,,381,23.8,2016
16,17,Buffalo Bills,16,29,17,,,2.0,1.0,,49,4.0,4,,40,45,19,25,,399,24.9,2016
17,18,Miami Dolphins,16,14,27,1.0,1.0,,1.0,1.0,45,1.0,2,1.0,41,42,16,21,,363,22.7,2016
18,19,Washington Redskins,16,17,25,1.0,,,,,43,,4,,36,39,34,42,,396,24.8,2016
19,20,Oakland Raiders,16,17,29,,,,1.0,,47,5.0,7,,37,39,29,35,,416,26.0,2016
20,21,Green Bay Packers,16,11,40,,,,,,51,2.0,4,,44,47,26,30,,432,27.0,2016
21,22,Indianapolis Colts,16,13,32,,1.0,1.0,,,47,2.0,3,,44,44,27,31,,411,25.7,2016
22,23,Los Angeles Rams,16,9,14,,,1.0,,,24,,1,,23,23,19,22,,224,14.0,2016
23,24,Chicago Bears,16,10,19,1.0,,1.0,1.0,,32,,0,,31,32,18,23,1.0,279,17.4,2016
24,25,Jacksonville Jaguars,16,8,24,,1.0,,1.0,,34,2.0,2,,29,32,27,34,,318,19.9,2016
25,26,Carolina Panthers,16,16,21,,,2.0,1.0,,40,3.0,6,,31,34,30,38,1.0,369,23.1,2016
26,27,Atlanta Falcons,16,20,38,,,2.0,3.0,,63,2.0,6,,56,57,34,37,,540,33.8,2016
27,28,New York Jets,16,10,16,,,1.0,,1.0,28,1.0,1,,24,26,27,31,,275,17.2,2016
28,29,San Diego Chargers,16,10,33,,,2.0,3.0,,48,,2,,42,46,26,32,1.0,410,25.6,2016
29,30,Cleveland Browns,16,13,15,,,,1.0,,29,2.0,4,,23,25,21,27,,264,16.5,2016
30,31,New Orleans Saints,16,17,38,,,,,,55,2.0,5,,49,50,28,34,1.0,469,29.3,2016
31,32,San Francisco 49ers,16,15,21,,,,,,36,2.0,2,,33,34,18,21,1.0,309,19.3,2016
0,1,Minnesota Vikings,16,15,25,,,,1.0,,41,2.0,2,,34,39,32,38,1.0,382,23.9,2017
1,2,Jacksonville Jaguars,16,18,21,1.0,,5.0,2.0,,47,3.0,6,1.0,37,41,30,35,,417,26.1,2017
2,3,Los Angeles Chargers,16,10,28,1.0,,2.0,2.0,,43,,1,,37,42,20,30,,355,22.2,2017
3,4,Philadelphia Eagles,16,9,38,,,5.0,1.0,,53,6.0,9,,40,44,29,34,,457,28.6,2017
4,5,New England Patriots,16,16,32,,1.0,,,,49,2.0,2,,45,47,37,40,2.0,458,28.6,2017
5,6,Baltimore Ravens,16,14,20,1.0,1.0,3.0,3.0,,42,1.0,3,,39,39,34,37,,395,24.7,2017
6,7,Pittsburgh Steelers,16,12,29,,1.0,,,1.0,43,2.0,4,,37,39,35,38,1.0,406,25.4,2017
7,8,Atlanta Falcons,16,12,21,,,3.0,,,36,,1,,35,35,34,39,,353,22.1,2017
8,9,Chicago Bears,16,13,13,2.0,,1.0,2.0,,31,1.0,2,,26,28,16,22,1.0,264,16.5,2017
9,10,New Orleans Saints,16,23,23,,1.0,1.0,2.0,1.0,51,1.0,1,,47,50,31,36,,448,28.0,2017
10,11,Carolina Panthers,16,15,22,1.0,1.0,1.0,,,40,1.0,3,,34,37,29,30,,363,22.7,2017
11,12,Los Angeles Rams,16,17,28,,1.0,,3.0,2.0,51,,0,,48,51,40,43,2.0,478,29.9,2017
12,13,Dallas Cowboys,16,18,22,1.0,,,1.0,,42,,3,,36,39,22,29,,354,22.1,2017
13,14,Seattle Seahawks,16,4,34,,1.0,1.0,3.0,,43,2.0,3,,37,38,21,29,2.0,366,22.9,2017
14,15,Kansas City Chiefs,16,12,26,1.0,,3.0,,,42,,2,,40,40,41,45,,415,25.9,2017
15,16,Cincinnati Bengals,16,6,25,,,,3.0,,34,,0,,32,34,18,20,,290,18.1,2017
16,17,Tennessee Titans,16,18,14,,,1.0,,,33,,0,,31,33,35,42,,334,20.9,2017
17,18,Buffalo Bills,16,12,16,,,2.0,1.0,,31,,1,,29,29,29,33,,302,18.9,2017
18,19,Arizona Cardinals,16,6,21,,,1.0,1.0,,29,1.0,2,,23,26,32,40,,295,18.4,2017
19,20,Oakland Raiders,16,13,23,,,,,,36,2.0,2,,33,34,16,21,,301,18.8,2017
20,21,Detroit Lions,16,10,29,2.0,,2.0,3.0,,46,2.0,5,,40,41,30,35,,410,25.6,2017
21,22,New York Jets,16,13,19,,,,,,32,1.0,3,,29,29,25,30,,298,18.6,2017
22,23,Denver Broncos,16,8,19,,,2.0,2.0,,31,2.0,4,,27,27,24,32,,289,18.1,2017
23,24,Tampa Bay Buccaneers,16,8,26,,,3.0,1.0,,38,2.0,6,,28,31,25,34,,335,20.9,2017
24,25,San Francisco 49ers,16,15,15,,,,1.0,,31,,1,,28,30,39,41,,331,20.7,2017
25,26,Green Bay Packers,16,13,25,,,1.0,1.0,,40,1.0,3,,33,35,15,19,,320,20.0,2017
26,27,New York Giants,16,6,20,,,,2.0,,28,1.0,5,,20,23,18,25,1.0,246,15.4,2017
27,28,Washington Redskins,16,10,27,,,,2.0,,39,,0,,36,39,24,28,,342,21.4,2017
28,29,Miami Dolphins,16,4,24,,,2.0,1.0,,31,1.0,1,,26,29,21,23,2.0,281,17.6,2017
29,30,Indianapolis Colts,16,11,13,,,,1.0,,25,,1,,22,24,29,34,2.0,263,16.4,2017
30,31,Cleveland Browns,16,11,15,,,,1.0,,27,1.0,1,,25,26,15,20,,234,14.6,2017
31,32,Houston Texans,16,8,28,,,2.0,2.0,,40,2.0,5,,32,35,20,25,1.0,338,21.1,2017
0,1,Chicago Bears,16,16,28,,,1.0,5.0,,50,4.0,5,,42,45,23,30,1.0,421,26.3,2018
1,2,Baltimore Ravens,16,19,18,1.0,,3.0,,,41,1.0,4,,36,37,35,39,,389,24.3,2018
2,3,Tennessee Titans,16,15,16,,1.0,,2.0,,34,,1,,28,31,26,30,,310,19.4,2018
3,4,Houston Texans,16,12,26,,,1.0,3.0,,42,,1,,39,41,37,42,,402,25.1,2018
4,5,Jacksonville Jaguars,16,7,15,1.0,,,2.0,,25,,2,,22,23,23,26,2.0,245,15.3,2018
5,6,Dallas Cowboys,16,13,22,,,1.0,,,36,2.0,2,,32,33,29,36,,339,21.2,2018
6,7,New England Patriots,16,18,29,,1.0,1.0,1.0,1.0,51,,1,,49,50,27,32,,436,27.3,2018
7,8,Los Angeles Chargers,16,16,32,1.0,,1.0,1.0,,51,6.0,8,1.0,36,43,24,29,,428,26.8,2018
8,9,Minnesota Vikings,16,9,30,,,2.0,1.0,,42,3.0,5,,36,37,22,32,,360,22.5,2018
9,10,Indianapolis Colts,16,13,39,,,,,,52,4.0,5,,44,47,23,27,,433,27.1,2018
10,11,Seattle Seahawks,16,15,35,,,1.0,1.0,,52,1.0,1,,48,51,22,27,,428,26.8,2018
11,12,Philadelphia Eagles,16,12,29,,,,,,41,5.0,6,,33,35,26,31,,367,22.9,2018
12,13,Denver Broncos,16,18,19,,,,2.0,,39,,4,,35,35,20,25,,329,20.6,2018
13,14,New Orleans Saints,16,26,33,,,,1.0,,60,4.0,5,,52,53,28,30,,504,31.5,2018
14,15,Washington Redskins,16,12,16,,,1.0,,,29,2.0,3,,25,26,26,29,,281,17.6,2018
15,16,Detroit Lions,16,11,22,,,,2.0,,35,,5,,30,30,28,32,,324,20.3,2018
16,17,Pittsburgh Steelers,16,16,35,,,1.0,2.0,,54,4.0,5,,44,49,16,23,2.0,428,26.8,2018
17,18,Buffalo Bills,16,15,13,,,1.0,,,29,1.0,3,,25,26,22,28,1.0,269,16.8,2018
18,19,Carolina Panthers,16,17,28,,,1.0,,,46,2.0,5,1.0,37,41,19,21,,376,23.5,2018
19,20,Los Angeles Rams,16,23,32,,,1.0,3.0,1.0,60,5.0,7,,51,53,34,41,2.0,527,32.9,2018
20,21,Cleveland Browns,16,15,29,,,,,,44,4.0,10,,28,34,19,25,1.0,359,22.4,2018
21,22,Green Bay Packers,16,14,25,,,,1.0,1.0,41,3.0,4,,34,36,30,37,,376,23.5,2018
22,23,New York Giants,16,13,23,,,,3.0,,39,4.0,7,,31,32,32,33,,369,23.1,2018
23,24,Kansas City Chiefs,16,16,50,1.0,,1.0,3.0,,71,1.0,2,,65,69,24,27,,565,35.3,2018
24,25,Atlanta Falcons,16,11,36,,,1.0,1.0,,49,2.0,6,,41,43,25,26,,414,25.9,2018
25,26,Arizona Cardinals,16,9,15,,,2.0,,1.0,27,2.0,3,,23,24,12,17,,225,14.1,2018
26,27,Miami Dolphins,16,7,26,1.0,1.0,,3.0,,38,1.0,1,,35,36,18,20,,319,19.9,2018
27,28,San Francisco 49ers,16,7,26,,1.0,,1.0,,35,2.0,6,,27,29,33,34,1.0,342,21.4,2018
28,29,New York Jets,16,11,18,1.0,1.0,,3.0,,34,,1,,30,33,33,36,,333,20.8,2018
29,30,Cincinnati Bengals,16,13,27,,,2.0,3.0,,45,1.0,4,,39,41,19,23,,368,23.0,2018
30,31,Tampa Bay Buccaneers,16,11,36,,,2.0,,,49,1.0,5,,40,44,20,27,,396,24.8,2018
31,32,Oakland Raiders,16,9,19,1.0,,,1.0,,30,1.0,2,,27,28,27,32,,290,18.1,2018
0,1,New England Patriots,16,17,25,,,2.0,3.0,2.0,49,2.0,4,,39,45,27,34,1.0,420,26.3,2019
1,2,Buffalo Bills,16,13,21,,1.0,,,,35,3.0,3,,30,32,22,28,1.0,314,19.6,2019
2,3,Baltimore Ravens,16,21,37,,,4.0,2.0,,64,2.0,5,,57,59,28,29,1.0,531,33.2,2019
3,4,Chicago Bears,16,8,20,,1.0,,1.0,,30,1.0,1,,27,29,23,28,1.0,280,17.5,2019
4,5,Minnesota Vikings,16,19,26,,,1.0,1.0,,47,1.0,3,,40,44,27,29,1.0,407,25.4,2019
5,6,Pittsburgh Steelers,16,7,18,1.0,,2.0,1.0,,29,,1,,28,28,29,31,,289,18.1,2019
6,7,Kansas City Chiefs,16,16,30,,1.0,2.0,1.0,,50,1.0,2,1.0,45,48,34,38,,451,28.2,2019
7,8,San Francisco 49ers,16,23,28,,,2.0,3.0,,56,2.0,5,,49,50,30,39,,479,29.9,2019
8,9,Green Bay Packers,16,18,26,,,,,,44,3.0,3,,40,41,22,24,,376,23.5,2019
9,10,Denver Broncos,16,11,16,,,1.0,,,28,1.0,2,,25,26,29,34,,282,17.6,2019
10,11,Dallas Cowboys,16,18,30,,,1.0,,,49,2.0,3,,46,46,30,40,,434,27.1,2019
11,12,Tennessee Titans,16,21,29,,,2.0,1.0,1.0,54,1.0,2,,50,52,8,18,1.0,402,25.1,2019
12,13,New Orleans Saints,16,12,36,1.0,,1.0,2.0,,52,,3,,48,49,32,36,1.0,458,28.6,2019
13,14,Los Angeles Chargers,16,12,24,1.0,,,,,37,1.0,1,,35,35,26,34,,337,21.1,2019
14,15,Philadelphia Eagles,16,16,27,,,2.0,1.0,,46,4.0,7,,35,37,22,26,,385,24.1,2019
15,16,New York Jets,16,6,19,,,2.0,3.0,1.0,31,3.0,4,,23,27,19,28,2.0,276,17.3,2019
16,17,Los Angeles Rams,16,20,22,,,2.0,2.0,,46,1.0,4,,42,42,24,33,1.0,394,24.6,2019
17,18,Indianapolis Colts,16,17,22,2.0,,,1.0,,42,2.0,3,1.0,33,39,22,31,2.0,361,22.6,2019
18,19,Houston Texans,16,17,27,,,,2.0,,46,1.0,1,,40,45,20,25,,378,23.6,2019
19,20,Cleveland Browns,16,15,22,,,,1.0,,38,1.0,3,,30,35,25,29,,335,20.9,2019
20,21,Jacksonville Jaguars,16,3,24,,,1.0,1.0,,29,4.0,9,,19,20,33,34,,300,18.8,2019
21,22,Seattle Seahawks,16,15,31,,,1.0,2.0,,49,1.0,3,,40,44,23,28,,405,25.3,2019
22,23,Atlanta Falcons,16,10,29,1.0,,1.0,1.0,,42,2.0,9,,29,31,32,40,,381,23.8,2019
23,24,Oakland Raiders,16,13,22,,,,2.0,,37,,1,,34,36,19,26,,313,19.6,2019
24,25,Cincinnati Bengals,16,9,18,,1.0,,,,28,2.0,3,,24,25,27,31,1.0,279,17.4,2019
25,26,Detroit Lions,16,7,28,1.0,1.0,1.0,,,38,,2,,35,36,26,31,,341,21.3,2019
26,27,Washington Redskins,16,9,18,,1.0,,,,28,1.0,6,,21,22,25,30,,266,16.6,2019
27,28,Arizona Cardinals,16,18,20,,,,,,38,3.0,3,,34,35,31,35,,361,22.6,2019
28,29,Tampa Bay Buccaneers,16,15,33,,,4.0,2.0,,54,5.0,6,,43,48,27,35,,458,28.6,2019
29,30,New York Giants,16,11,30,,,1.0,1.0,1.0,44,2.0,4,,35,39,12,17,1.0,341,21.3,2019
30,31,Carolina Panthers,16,20,17,,,1.0,,,38,1.0,3,,31,35,25,32,2.0,340,21.3,2019
31,32,Miami Dolphins,16,10,22,,1.0,,1.0,,34,1.0,4,,29,30,23,30,1.0,306,19.1,2019
0,1,Los Angeles Rams,16,19,20,,,1.0,3.0,,43,1.0,1,,38,42,24,30,1.0,372,23.3,2020
1,2,Baltimore Ravens,16,24,27,,1.0,3.0,,,55,2.0,2,,52,53,26,29,2.0,468,29.3,2020
2,3,Pittsburgh Steelers,16,12,35,,,,3.0,,50,2.0,5,,41,45,23,24,1.0,416,26.0,2020
3,4,Washington Football Team,16,18,16,,,1.0,2.0,,37,,5,,30,32,27,34,1.0,335,20.9,2020
4,5,New Orleans Saints,16,30,28,,,,1.0,,59,,1,,57,58,23,28,1.0,482,30.1,2020
5,6,Miami Dolphins,16,15,24,1.0,,2.0,,,42,4.0,6,,36,36,36,39,,404,25.3,2020
6,7,New England Patriots,16,20,12,1.0,,1.0,1.0,1.0,36,1.0,3,,30,33,26,28,,326,20.4,2020
7,8,Tampa Bay Buccaneers,16,16,42,,,,1.0,,59,,2,,52,57,28,31,1.0,492,30.8,2020
8,9,New York Giants,16,13,12,,,1.0,1.0,,27,2.0,4,,21,23,31,32,,280,17.5,2020
9,10,Indianapolis Colts,16,20,24,,1.0,,4.0,1.0,50,3.0,5,,43,45,32,37,3.0,451,28.2,2020
10,11,Kansas City Chiefs,16,13,40,1.0,1.0,,2.0,,57,3.0,3,,48,54,25,27,1.0,473,29.6,2020
11,12,Arizona Cardinals,16,22,27,,,,,,49,,3,,45,46,23,30,1.0,410,25.6,2020
12,13,Green Bay Packers,16,16,48,,,1.0,1.0,,66,2.0,3,,59,63,16,16,1.0,509,31.8,2020
13,14,Chicago Bears,16,12,26,,1.0,1.0,,,40,2.0,3,,36,37,30,32,1.0,372,23.3,2020
14,15,Seattle Seahawks,16,15,40,,,,,,55,1.0,2,,49,53,24,24,3.0,459,28.7,2020
15,16,Buffalo Bills,16,16,40,1.0,,1.0,2.0,,60,,1,,57,59,28,34,,501,31.3,2020
16,17,San Francisco 49ers,16,19,25,,,,1.0,,45,1.0,4,,38,40,22,26,,376,23.5,2020
17,18,Carolina Panthers,16,19,16,,,3.0,,,38,1.0,2,,33,36,29,36,,350,21.9,2020
18,19,Atlanta Falcons,16,13,27,,,,1.0,,41,1.0,3,,34,38,38,40,,396,24.8,2020
19,20,Philadelphia Eagles,16,16,22,1.0,,2.0,1.0,,42,7.0,16,,24,26,14,19,1.0,334,20.9,2020
20,21,Cleveland Browns,16,21,27,,,,2.0,,50,2.0,2,,43,48,19,24,2.0,408,25.5,2020
21,22,Cincinnati Bengals,16,13,19,,1.0,,,,33,,0,,32,33,27,34,,311,19.4,2020
22,23,Los Angeles Chargers,16,12,31,,,,2.0,,45,2.0,5,,36,39,24,33,1.0,384,24.0,2020
23,24,Tennessee Titans,16,26,33,,1.0,2.0,,,62,4.0,7,,51,53,20,28,,491,30.7,2020
24,25,Denver Broncos,16,13,21,1.0,,,,,35,2.0,5,,25,30,28,35,,323,20.2,2020
25,26,New York Jets,16,9,16,,,,1.0,,26,1.0,2,,20,24,21,28,1.0,243,15.2,2020
26,27,Houston Texans,16,10,33,,,,1.0,,44,1.0,4,,37,40,27,31,,384,24.0,2020
27,28,Dallas Cowboys,16,14,25,,1.0,2.0,,,42,4.0,6,,33,36,34,41,,395,24.7,2020
28,29,Minnesota Vikings,16,20,35,,,,,,55,8.0,12,,37,43,15,22,1.0,430,26.9,2020
29,30,Las Vegas Raiders,16,20,28,,,,,,48,1.0,1,,45,47,33,35,,434,27.1,2020
30,31,Jacksonville Jaguars,16,9,25,1.0,,,1.0,1.0,37,3.0,9,,24,28,18,25,,306,19.1,2020
31,32,Detroit Lions,16,17,27,1.0,,,,,45,2.0,4,,38,41,21,28,1.0,377,23.6,2020
0,1,Buffalo Bills,17,20,36,,,,1.0,,57,3.0,6,,51,51,28,32,,483,28.4,2021
1,2,New England Patriots,17,24,24,,,,3.0,,51,3.0,4,,42,47,36,39,,462,27.2,2021
2,3,Denver Broncos,17,16,20,,,,1.0,,37,1.0,3,,33,34,26,31,,335,19.7,2021
3,4,New Orleans Saints,17,12,29,,,,2.0,,43,,5,,31,38,25,30,,364,21.4,2021
4,5,Tampa Bay Buccaneers,17,18,43,,,,2.0,,63,1.0,3,,56,59,25,31,,511,30.1,2021
5,6,Tennessee Titans,17,23,22,,,2.0,2.0,,49,2.0,2,,43,47,26,32,,419,24.6,2021
6,7,Dallas Cowboys,17,15,40,,1.0,1.0,5.0,2.0,64,6.0,10,,47,53,29,35,,530,31.2,2021
7,8,Kansas City Chiefs,17,16,37,,,2.0,2.0,,57,2.0,3,,50,53,28,32,,480,28.2,2021
8,9,San Francisco 49ers,17,22,26,,,,2.0,,50,2.0,3,,42,46,27,32,,427,25.1,2021
9,10,Indianapolis Colts,17,22,27,,,1.0,,2.0,52,2.0,5,,46,47,29,35,1.0,451,26.5,2021
10,11,Arizona Cardinals,17,23,27,,,1.0,1.0,,52,,3,,47,49,30,37,,449,26.4,2021
11,12,Seattle Seahawks,17,18,30,,1.0,,,,49,1.0,2,1.0,44,47,17,23,1.0,395,23.2,2021
12,13,Green Bay Packers,17,13,39,,,,2.0,,54,1.0,3,,49,51,25,34,,450,26.5,2021
13,14,Cleveland Browns,17,20,21,,,1.0,1.0,,43,3.0,4,,37,39,16,22,,349,20.5,2021
14,15,Los Angeles Rams,17,10,41,1.0,,,,,52,2.0,3,,48,49,32,34,,460,27.1,2021
15,16,Miami Dolphins,17,12,21,,,2.0,3.0,1.0,39,2.0,3,,34,35,23,31,,341,20.1,2021
16,17,Cincinnati Bengals,17,16,36,,,1.0,1.0,,54,1.0,5,,47,49,29,34,,460,27.1,2021
17,18,Philadelphia Eagles,17,25,20,,,3.0,2.0,,50,5.0,6,,44,44,30,33,,444,26.1,2021
18,19,Baltimore Ravens,17,18,21,,,1.0,1.0,,41,2.0,8,,32,32,35,37,,387,22.8,2021
19,20,Pittsburgh Steelers,17,10,23,,,,,1.0,34,2.0,5,,27,29,36,40,,343,20.2,2021
20,21,Carolina Panthers,17,17,14,,,,,1.0,32,3.0,4,,26,28,26,29,1.0,304,17.9,2021
21,22,Chicago Bears,17,14,16,1.0,,1.0,1.0,,33,3.0,4,,27,28,26,30,1.0,311,18.3,2021
22,23,New York Giants,17,8,15,,,,1.0,,24,4.0,5,,17,17,29,33,1.0,258,15.2,2021
23,24,Minnesota Vikings,17,10,34,,2.0,,2.0,,48,1.0,7,,36,40,33,38,,425,25.0,2021
24,25,Washington Football Team,17,13,21,,1.0,,2.0,,37,2.0,8,,25,29,28,33,,335,19.7,2021
25,26,Las Vegas Raiders,17,14,23,,,,,,37,,3,,30,33,40,43,1.0,374,22.0,2021
26,27,Houston Texans,17,8,21,,1.0,,1.0,,31,2.0,2,,25,29,21,27,1.0,280,16.5,2021
27,28,Jacksonville Jaguars,17,13,12,,1.0,1.0,,1.0,28,2.0,6,,18,22,21,27,,253,14.9,2021
28,29,Atlanta Falcons,17,11,20,,,,2.0,,33,1.0,3,,30,30,27,29,1.0,313,18.4,2021
29,30,Los Angeles Chargers,17,18,38,,1.0,1.0,,,58,7.0,11,,40,47,24,27,,474,27.9,2021
30,31,Detroit Lions,17,12,23,,,,,,35,5.0,6,,27,28,26,30,,325,19.1,2021
31,32,New York Jets,17,14,20,,1.0,,1.0,,36,4.0,9,,23,27,21,27,,310,18.2,2021
0,1,San Francisco 49ers,17,20,30,,,1.0,2.0,,53,,0,,51,53,27,32,,450,26.5,2022
1,2,Buffalo Bills,16,15,35,,2.0,,1.0,,53,2.0,3,,48,50,27,31,2.0,455,28.4,2022
2,3,Baltimore Ravens,17,14,19,,1.0,,,,34,2.0,2,,31,32,37,43,,350,20.6,2022
3,4,New York Jets,17,13,15,,,,,1.0,29,,0,,28,29,30,37,2.0,296,17.4,2022
4,5,Dallas Cowboys,17,24,28,,,3.0,,,55,,2,,50,53,29,32,,467,27.5,2022
5,6,Cincinnati Bengals,16,14,35,,,1.0,,,50,3.0,6,,40,44,24,29,,418,26.1,2022
6,7,Washington Commanders,17,9,24,,,1.0,2.0,,36,2.0,7,,24,28,25,30,1.0,321,18.9,2022
7,8,Philadelphia Eagles,17,32,25,,,,2.0,,59,2.0,4,,53,55,22,25,,477,28.1,2022
8,9,New Orleans Saints,17,12,24,,,,1.0,,37,3.0,4,,33,33,23,31,,330,19.4,2022
9,10,Pittsburgh Steelers,17,16,12,,,,1.0,,29,3.0,3,,26,26,34,44,,308,18.1,2022
10,11,New England Patriots,17,12,19,1.0,,2.0,5.0,,39,1.0,4,,32,35,32,37,,364,21.4,2022
11,12,Jacksonville Jaguars,17,16,25,,,2.0,2.0,,45,4.0,7,,36,37,30,35,,404,23.8,2022
12,13,Tampa Bay Buccaneers,17,5,26,,,,1.0,,32,2.0,7,,24,25,31,38,,313,18.4,2022
13,14,Denver Broncos,17,11,18,,,,,,29,1.0,2,,25,27,28,36,1.0,287,16.9,2022
14,15,Tennessee Titans,17,16,16,,,1.0,1.0,,34,1.0,1,,32,33,20,24,,298,17.5,2022
15,16,Kansas City Chiefs,17,18,41,,,,2.0,,61,3.0,5,,50,55,24,32,1.0,496,29.2,2022
16,17,Green Bay Packers,17,12,27,,1.0,,2.0,,42,2.0,3,,37,39,25,29,1.0,370,21.8,2022
17,18,New York Giants,17,21,17,,,1.0,1.0,,40,3.0,6,,32,34,29,32,,365,21.5,2022
18,19,Carolina Panthers,17,16,16,,,2.0,2.0,,36,1.0,4,,30,32,33,35,,347,20.4,2022
19,20,Cleveland Browns,17,19,19,1.0,,2.0,1.0,,42,1.0,3,,35,37,24,32,,361,21.2,2022
20,21,Los Angeles Chargers,17,15,26,,,,1.0,,42,2.0,2,,40,40,31,33,1.0,391,23.0,2022
21,22,Los Angeles Rams,17,15,16,,,,1.0,,32,,0,,31,32,28,30,,307,18.1,2022
22,23,Atlanta Falcons,17,17,17,,1.0,1.0,1.0,1.0,38,3.0,3,,33,35,32,37,1.0,365,21.5,2022
23,24,Miami Dolphins,17,12,30,,,3.0,,1.0,46,,2,,41,44,26,32,1.0,397,23.4,2022
24,25,Seattle Seahawks,17,12,30,,,,1.0,1.0,44,,2,,41,42,34,37,,407,23.9,2022
25,26,Las Vegas Raiders,17,12,28,,,2.0,1.0,,43,,4,,35,36,34,37,,395,23.2,2022
26,27,Houston Texans,17,7,20,,,1.0,1.0,,29,1.0,5,,24,24,29,31,1.0,289,17.0,2022
27,28,Minnesota Vikings,17,18,30,,1.0,1.0,,,50,3.0,4,,40,46,26,33,,424,24.9,2022
28,29,Detroit Lions,17,23,29,1.0,,,1.0,,54,4.0,5,,47,49,24,30,1.0,453,26.6,2022
29,30,Indianapolis Colts,17,8,17,,,,2.0,1.0,28,1.0,5,,23,23,32,39,,289,17.0,2022
30,31,Arizona Cardinals,17,15,17,,,2.0,3.0,,37,5.0,9,,24,27,28,32,,340,20.0,2022
31,32,Chicago Bears,17,18,19,,,,,,37,1.0,5,,27,32,25,27,,326,19.2,2022
