,Unnamed: 0_level_0,Unnamed: 1_level_0,Unnamed: 2_level_0,Downs,Downs,Downs,Downs,Downs,Downs,Red Zone,Red Zone,Red Zone,Year
,Rk,Tm,G,3DAtt,3DConv,3D%,4DAtt,4DConv,4D%,RZAtt,RZTD,RZPct,
0,1,San Francisco 49ers,16,243,127,52.3%,13,8,61.5%,56,27,48.2%,2002
1,2,Indianapolis Colts,16,227,102,44.9%,17,13,76.5%,50,26,52.0%,2002
2,3,Arizona Cardinals,16,230,99,43.0%,13,4,30.8%,40,22,55.0%,2002
3,4,Pittsburgh Steelers,16,223,94,42.2%,23,14,60.9%,61,28,45.9%,2002
4,5,Tennessee Titans,16,216,94,43.5%,16,9,56.3%,56,33,58.9%,2002
5,6,New England Patriots,16,220,94,42.7%,20,9,45.0%,49,26,53.1%,2002
6,7,Seattle Seahawks,16,216,93,43.1%,21,6,28.6%,57,29,50.9%,2002
7,8,Oakland Raiders,16,203,92,45.3%,10,7,70.0%,60,34,56.7%,2002
8,9,New Orleans Saints,16,224,92,41.1%,13,8,61.5%,58,31,53.4%,2002
9,10,Minnesota Vikings,16,209,92,44.0%,17,8,47.1%,64,36,56.3%,2002
10,11,Buffalo Bills,16,212,90,42.5%,12,7,58.3%,58,31,53.4%,2002
11,12,Philadelphia Eagles,16,231,90,39.0%,16,8,50.0%,57,27,47.4%,2002
12,13,Atlanta Falcons,16,215,90,41.9%,10,6,60.0%,60,28,46.7%,2002
13,14,Cleveland Browns,16,222,90,40.5%,10,8,80.0%,43,23,53.5%,2002
14,15,Washington Redskins,16,221,88,39.8%,25,13,52.0%,44,26,59.1%,2002
15,16,Green Bay Packers,16,225,87,38.7%,13,7,53.8%,57,30,52.6%,2002
16,17,Cincinnati Bengals,16,223,87,39.0%,30,11,36.7%,42,19,45.2%,2002
17,18,New York Giants,16,213,84,39.4%,14,5,35.7%,59,22,37.3%,2002
18,19,St. Louis Rams,16,206,81,39.3%,10,6,60.0%,51,28,54.9%,2002
19,20,Baltimore Ravens,16,215,81,37.7%,13,7,53.8%,38,19,50.0%,2002
20,21,Tampa Bay Buccaneers,16,222,79,35.6%,9,6,66.7%,51,23,45.1%,2002
21,22,San Diego Chargers,16,210,78,37.1%,12,4,33.3%,49,30,61.2%,2002
22,23,Denver Broncos,16,202,77,38.1%,23,16,69.6%,58,34,58.6%,2002
23,24,Kansas City Chiefs,16,185,77,41.6%,10,6,60.0%,64,42,65.6%,2002
24,25,New York Jets,16,188,76,40.4%,12,4,33.3%,54,32,59.3%,2002
25,26,Miami Dolphins,16,199,76,38.2%,10,3,30.0%,56,36,64.3%,2002
26,27,Chicago Bears,16,210,71,33.8%,21,10,47.6%,40,23,57.5%,2002
27,28,Jacksonville Jaguars,16,207,71,34.3%,26,18,69.2%,51,28,54.9%,2002
28,29,Detroit Lions,16,216,64,29.6%,20,8,40.0%,43,18,41.9%,2002
29,30,Carolina Panthers,16,224,64,28.6%,12,4,33.3%,39,19,48.7%,2002
30,31,Houston Texans,16,229,59,25.8%,14,5,35.7%,24,10,41.7%,2002
31,32,Dallas Cowboys,16,208,50,24.0%,12,4,33.3%,26,10,38.5%,2002
0,1,New Orleans Saints,16,229,106,46.3%,19,5,26.3%,40,22,55.0%,2003
1,2,Cincinnati Bengals,16,228,102,44.7%,11,5,45.5%,47,28,59.6%,2003
2,3,Minnesota Vikings,16,219,102,46.6%,20,8,40.0%,55,31,56.4%,2003
3,4,Seattle Seahawks,16,205,96,46.8%,7,2,28.6%,50,31,62.0%,2003
4,5,St. Louis Rams,16,216,92,42.6%,15,7,46.7%,68,34,50.0%,2003
5,6,Indianapolis Colts,16,217,91,41.9%,17,11,64.7%,62,32,51.6%,2003
6,7,Dallas Cowboys,16,241,88,36.5%,12,4,33.3%,46,20,43.5%,2003
7,8,Tennessee Titans,16,211,86,40.8%,14,6,42.9%,60,32,53.3%,2003
8,9,San Francisco 49ers,16,215,86,40.0%,19,5,26.3%,62,29,46.8%,2003
9,10,Green Bay Packers,16,207,85,41.1%,7,4,57.1%,52,34,65.4%,2003
10,11,New England Patriots,16,227,84,37.0%,14,6,42.9%,50,22,44.0%,2003
11,12,Kansas City Chiefs,16,201,84,41.8%,10,6,60.0%,54,42,77.8%,2003
12,13,Arizona Cardinals,16,222,83,37.4%,22,10,45.5%,43,18,41.9%,2003
13,14,Pittsburgh Steelers,16,227,82,36.1%,22,11,50.0%,44,20,45.5%,2003
14,15,New York Jets,16,206,82,39.8%,13,6,46.2%,39,19,48.7%,2003
15,16,Denver Broncos,16,211,82,38.9%,13,3,23.1%,56,31,55.4%,2003
16,17,Jacksonville Jaguars,16,216,80,37.0%,26,13,50.0%,45,20,44.4%,2003
17,18,Detroit Lions,16,228,80,35.1%,20,8,40.0%,38,18,47.4%,2003
18,19,Carolina Panthers,16,219,78,35.6%,11,6,54.5%,43,18,41.9%,2003
19,20,Tampa Bay Buccaneers,16,220,78,35.5%,15,8,53.3%,40,22,55.0%,2003
20,21,Chicago Bears,16,228,77,33.8%,23,15,65.2%,45,22,48.9%,2003
21,22,Cleveland Browns,16,202,74,36.6%,18,6,33.3%,42,19,45.2%,2003
22,23,Washington Redskins,16,215,73,34.0%,14,8,57.1%,45,24,53.3%,2003
23,24,New York Giants,16,218,73,33.5%,17,2,11.8%,47,18,38.3%,2003
24,25,Baltimore Ravens,16,226,72,31.9%,11,7,63.6%,50,21,42.0%,2003
25,26,Philadelphia Eagles,16,190,69,36.3%,7,3,42.9%,51,32,62.7%,2003
26,27,Miami Dolphins,16,205,67,32.7%,10,5,50.0%,43,21,48.8%,2003
27,28,Buffalo Bills,16,212,67,31.6%,25,13,52.0%,45,21,46.7%,2003
28,29,Oakland Raiders,16,217,66,30.4%,25,14,56.0%,34,15,44.1%,2003
29,30,Houston Texans,16,204,63,30.9%,14,9,64.3%,34,21,61.8%,2003
30,31,San Diego Chargers,16,197,62,31.5%,19,10,52.6%,46,22,47.8%,2003
31,32,Atlanta Falcons,16,194,58,29.9%,11,6,54.5%,46,24,52.2%,2003
0,1,Minnesota Vikings,16,195,102,52.3%,10,6,60.0%,58,33,56.9%,2004
1,2,Green Bay Packers,16,207,98,47.3%,14,8,57.1%,52,30,57.7%,2004
2,3,San Diego Chargers,16,208,97,46.6%,8,5,62.5%,63,44,69.8%,2004
3,4,Pittsburgh Steelers,16,219,94,42.9%,12,7,58.3%,61,28,45.9%,2004
4,5,New England Patriots,16,206,93,45.1%,10,4,40.0%,63,37,58.7%,2004
5,6,New York Jets,16,214,91,42.5%,8,4,50.0%,43,25,58.1%,2004
6,7,Kansas City Chiefs,16,193,91,47.2%,14,4,28.6%,59,40,67.8%,2004
7,8,St. Louis Rams,16,211,89,42.2%,19,13,68.4%,42,23,54.8%,2004
8,9,Cincinnati Bengals,16,219,88,40.2%,12,6,50.0%,55,28,50.9%,2004
9,10,Arizona Cardinals,16,241,84,34.9%,12,5,41.7%,37,18,48.6%,2004
10,11,Carolina Panthers,16,206,83,40.3%,8,3,37.5%,52,31,59.6%,2004
11,12,Baltimore Ravens,16,231,81,35.1%,15,4,26.7%,40,20,50.0%,2004
12,13,Houston Texans,16,211,81,38.4%,21,13,61.9%,44,26,59.1%,2004
13,14,Jacksonville Jaguars,16,217,80,36.9%,18,10,55.6%,45,19,42.2%,2004
14,15,Miami Dolphins,16,232,80,34.5%,16,8,50.0%,38,18,47.4%,2004
15,16,Dallas Cowboys,16,214,78,36.4%,17,9,52.9%,40,21,52.5%,2004
16,17,Denver Broncos,16,206,78,37.9%,14,7,50.0%,53,24,45.3%,2004
17,18,Buffalo Bills,16,215,77,35.8%,21,10,47.6%,61,28,45.9%,2004
18,19,Seattle Seahawks,16,210,76,36.2%,11,6,54.5%,53,31,58.5%,2004
19,20,Tampa Bay Buccaneers,16,199,75,37.7%,6,4,66.7%,40,21,52.5%,2004
20,21,Tennessee Titans,16,217,74,34.1%,27,12,44.4%,45,25,55.6%,2004
21,22,Atlanta Falcons,16,201,73,36.3%,18,10,55.6%,51,27,52.9%,2004
22,23,Philadelphia Eagles,16,195,72,36.9%,4,0,0.0%,47,30,63.8%,2004
23,24,San Francisco 49ers,16,222,72,32.4%,19,14,73.7%,41,20,48.8%,2004
24,25,Oakland Raiders,16,200,71,35.5%,14,7,50.0%,41,20,48.8%,2004
25,26,New Orleans Saints,16,210,70,33.3%,18,9,50.0%,47,27,57.4%,2004
26,27,Indianapolis Colts,16,164,70,42.7%,7,4,57.1%,67,42,62.7%,2004
27,28,Washington Redskins,16,221,70,31.7%,11,4,36.4%,44,23,52.3%,2004
28,29,Detroit Lions,16,210,66,31.4%,16,6,37.5%,43,19,44.2%,2004
29,30,Cleveland Browns,16,203,59,29.1%,16,7,43.8%,41,19,46.3%,2004
30,31,New York Giants,16,190,56,29.5%,19,4,21.1%,54,26,48.1%,2004
31,32,Chicago Bears,16,223,56,25.1%,19,6,31.6%,38,16,42.1%,2004
0,1,Washington Redskins,16,230,97,42.2%,11,6,54.5%,47,30,63.8%,2005
1,2,Baltimore Ravens,16,243,95,39.1%,19,11,57.9%,42,16,38.1%,2005
2,3,Atlanta Falcons,16,219,94,42.9%,14,5,35.7%,54,31,57.4%,2005
3,4,Dallas Cowboys,16,232,94,40.5%,13,7,53.8%,53,28,52.8%,2005
4,5,Jacksonville Jaguars,16,225,93,41.3%,10,4,40.0%,49,29,59.2%,2005
5,6,New England Patriots,16,221,93,42.1%,17,13,76.5%,58,37,63.8%,2005
6,7,Carolina Panthers,16,218,92,42.2%,6,2,33.3%,53,31,58.5%,2005
7,8,Indianapolis Colts,16,187,91,48.7%,13,8,61.5%,61,37,60.7%,2005
8,9,Arizona Cardinals,16,239,91,38.1%,16,5,31.3%,46,13,28.3%,2005
9,10,Green Bay Packers,16,221,91,41.2%,19,9,47.4%,46,22,47.8%,2005
10,11,Kansas City Chiefs,16,213,91,42.7%,16,10,62.5%,54,28,51.9%,2005
11,12,New York Giants,16,227,90,39.6%,13,6,46.2%,59,27,45.8%,2005
12,13,San Diego Chargers,16,208,88,42.3%,17,11,64.7%,50,35,70.0%,2005
13,14,Tampa Bay Buccaneers,16,221,87,39.4%,7,4,57.1%,39,20,51.3%,2005
14,15,Detroit Lions,16,224,87,38.8%,17,7,41.2%,36,18,50.0%,2005
15,16,Oakland Raiders,16,214,85,39.7%,14,7,50.0%,45,21,46.7%,2005
16,17,Cincinnati Bengals,16,196,84,42.9%,10,3,30.0%,62,35,56.5%,2005
17,18,New Orleans Saints,16,211,82,38.9%,12,2,16.7%,42,16,38.1%,2005
18,19,Miami Dolphins,16,225,79,35.1%,15,6,40.0%,52,21,40.4%,2005
19,20,St. Louis Rams,16,211,77,36.5%,21,14,66.7%,51,24,47.1%,2005
20,21,Seattle Seahawks,16,192,76,39.6%,8,7,87.5%,60,43,71.7%,2005
21,22,Denver Broncos,16,210,76,36.2%,19,14,73.7%,58,35,60.3%,2005
22,23,Houston Texans,16,219,75,34.2%,17,8,47.1%,37,16,43.2%,2005
23,24,Tennessee Titans,16,218,75,34.4%,31,9,29.0%,46,22,47.8%,2005
24,25,Buffalo Bills,16,201,74,36.8%,16,6,37.5%,49,17,34.7%,2005
25,26,Philadelphia Eagles,16,220,72,32.7%,12,3,25.0%,41,22,53.7%,2005
26,27,New York Jets,16,204,72,35.3%,19,8,42.1%,43,19,44.2%,2005
27,28,Pittsburgh Steelers,16,192,68,35.4%,12,5,41.7%,56,34,60.7%,2005
28,29,Cleveland Browns,16,203,67,33.0%,18,7,38.9%,39,11,28.2%,2005
29,30,Minnesota Vikings,16,196,64,32.7%,9,4,44.4%,51,23,45.1%,2005
30,31,Chicago Bears,16,215,62,28.8%,16,7,43.8%,43,20,46.5%,2005
31,32,San Francisco 49ers,16,204,49,24.0%,8,5,62.5%,28,11,39.3%,2005
0,1,New Orleans Saints,16,234,105,44.9%,20,12,60.0%,53,29,54.7%,2006
1,2,Indianapolis Colts,16,187,105,56.1%,4,0,0.0%,62,41,66.1%,2006
2,3,Dallas Cowboys,16,205,100,48.8%,19,9,47.4%,58,35,60.3%,2006
3,4,New York Jets,16,226,99,43.8%,16,5,31.3%,48,22,45.8%,2006
4,5,New England Patriots,16,226,96,42.5%,20,16,80.0%,60,36,60.0%,2006
5,6,Baltimore Ravens,16,233,96,41.2%,11,8,72.7%,52,22,42.3%,2006
6,7,Green Bay Packers,16,240,94,39.2%,17,7,41.2%,49,16,32.7%,2006
7,8,Pittsburgh Steelers,16,217,93,42.9%,21,10,47.6%,56,28,50.0%,2006
8,9,San Diego Chargers,16,213,92,43.2%,11,6,54.5%,62,42,67.7%,2006
9,10,Kansas City Chiefs,16,219,89,40.6%,15,9,60.0%,48,29,60.4%,2006
10,11,Philadelphia Eagles,16,209,88,42.1%,11,5,45.5%,46,26,56.5%,2006
11,12,Miami Dolphins,16,234,88,37.6%,14,7,50.0%,46,20,43.5%,2006
12,13,Jacksonville Jaguars,16,217,85,39.2%,14,7,50.0%,52,30,57.7%,2006
13,14,Seattle Seahawks,16,224,85,37.9%,8,2,25.0%,42,22,52.4%,2006
14,15,Chicago Bears,16,231,85,36.8%,13,9,69.2%,50,24,48.0%,2006
15,16,St. Louis Rams,16,222,83,37.4%,18,12,66.7%,54,31,57.4%,2006
16,17,Arizona Cardinals,16,212,83,39.2%,15,10,66.7%,54,25,46.3%,2006
17,18,Tampa Bay Buccaneers,16,222,82,36.9%,16,4,25.0%,37,16,43.2%,2006
18,19,Atlanta Falcons,16,220,79,35.9%,20,8,40.0%,47,20,42.6%,2006
19,20,Washington Redskins,16,211,79,37.4%,13,6,46.2%,42,21,50.0%,2006
20,21,Denver Broncos,16,211,78,37.0%,13,7,53.8%,44,24,54.5%,2006
21,22,Oakland Raiders,16,212,77,36.3%,21,7,33.3%,35,10,28.6%,2006
22,23,Minnesota Vikings,16,233,77,33.0%,21,15,71.4%,42,19,45.2%,2006
23,24,New York Giants,16,203,77,37.9%,15,7,46.7%,51,27,52.9%,2006
24,25,Houston Texans,16,198,77,38.9%,13,9,69.2%,42,24,57.1%,2006
25,26,Cincinnati Bengals,16,201,72,35.8%,9,6,66.7%,52,30,57.7%,2006
26,27,San Francisco 49ers,16,209,72,34.4%,11,6,54.5%,48,20,41.7%,2006
27,28,Cleveland Browns,16,209,70,33.5%,15,6,40.0%,39,19,48.7%,2006
28,29,Tennessee Titans,16,205,67,32.7%,17,7,41.2%,38,17,44.7%,2006
29,30,Carolina Panthers,16,209,65,31.1%,9,3,33.3%,32,15,46.9%,2006
30,31,Buffalo Bills,16,199,63,31.7%,11,5,45.5%,35,15,42.9%,2006
31,32,Detroit Lions,16,190,62,32.6%,22,9,40.9%,45,18,40.0%,2006
0,1,Pittsburgh Steelers,16,220,103,46.8%,13,7,53.8%,55,32,58.2%,2007
1,2,Indianapolis Colts,16,203,100,49.3%,10,6,60.0%,69,39,56.5%,2007
2,3,Jacksonville Jaguars,16,219,100,45.7%,33,19,57.6%,58,33,56.9%,2007
3,4,New Orleans Saints,16,214,99,46.3%,25,11,44.0%,50,36,72.0%,2007
4,5,Philadelphia Eagles,16,229,97,42.4%,15,9,60.0%,51,23,45.1%,2007
5,6,Cincinnati Bengals,16,208,96,46.2%,12,4,33.3%,56,27,48.2%,2007
6,7,Washington Redskins,16,226,92,40.7%,15,6,40.0%,55,27,49.1%,2007
7,8,New England Patriots,16,191,92,48.2%,21,15,71.4%,72,50,69.4%,2007
8,9,New York Giants,16,219,91,41.6%,17,6,35.3%,55,30,54.5%,2007
9,10,Baltimore Ravens,16,234,90,38.5%,21,11,52.4%,45,19,42.2%,2007
10,11,Tennessee Titans,16,217,89,41.0%,11,2,18.2%,55,20,36.4%,2007
11,12,Green Bay Packers,16,202,86,42.6%,11,5,45.5%,50,27,54.0%,2007
12,13,Houston Texans,16,193,86,44.6%,15,11,73.3%,46,28,60.9%,2007
13,14,Atlanta Falcons,16,237,86,36.3%,19,7,36.8%,43,17,39.5%,2007
14,15,Cleveland Browns,16,204,86,42.2%,15,6,40.0%,55,30,54.5%,2007
15,16,Carolina Panthers,16,235,85,36.2%,14,6,42.9%,40,20,50.0%,2007
16,17,New York Jets,16,226,85,37.6%,21,10,47.6%,49,18,36.7%,2007
17,18,Dallas Cowboys,16,199,84,42.2%,14,10,71.4%,56,30,53.6%,2007
18,19,San Diego Chargers,16,214,84,39.3%,10,6,60.0%,52,29,55.8%,2007
19,20,Tampa Bay Buccaneers,16,213,82,38.5%,13,5,38.5%,46,20,43.5%,2007
20,21,Oakland Raiders,16,229,82,35.8%,24,10,41.7%,35,21,60.0%,2007
21,22,St. Louis Rams,16,223,81,36.3%,20,7,35.0%,39,17,43.6%,2007
22,23,Chicago Bears,16,238,81,34.0%,16,7,43.8%,44,18,40.9%,2007
23,24,Miami Dolphins,16,218,81,37.2%,22,13,59.1%,39,20,51.3%,2007
24,25,Denver Broncos,16,198,80,40.4%,22,7,31.8%,51,25,49.0%,2007
25,26,Kansas City Chiefs,16,232,79,34.1%,18,13,72.2%,35,17,48.6%,2007
26,27,Arizona Cardinals,16,203,75,36.9%,14,12,85.7%,50,34,68.0%,2007
27,28,Seattle Seahawks,16,214,75,35.0%,14,6,42.9%,49,28,57.1%,2007
28,29,Minnesota Vikings,16,200,69,34.5%,13,7,53.8%,35,21,60.0%,2007
29,30,San Francisco 49ers,16,220,69,31.4%,17,5,29.4%,29,15,51.7%,2007
30,31,Buffalo Bills,16,195,65,33.3%,18,8,44.4%,34,13,38.2%,2007
31,32,Detroit Lions,16,190,62,32.6%,10,4,40.0%,50,25,50.0%,2007
0,1,Indianapolis Colts,16,201,101,50.2%,16,11,68.8%,50,34,68.0%,2008
1,2,Green Bay Packers,16,224,99,44.2%,18,8,44.4%,48,29,60.4%,2008
2,3,New Orleans Saints,16,200,97,48.5%,18,10,55.6%,62,38,61.3%,2008
3,4,New England Patriots,16,222,96,43.2%,22,17,77.3%,65,33,50.8%,2008
4,5,Atlanta Falcons,16,219,95,43.4%,13,6,46.2%,56,31,55.4%,2008
5,6,Baltimore Ravens,16,232,95,40.9%,11,7,63.6%,51,24,47.1%,2008
6,7,Denver Broncos,16,200,95,47.5%,10,4,40.0%,55,30,54.5%,2008
7,8,Philadelphia Eagles,16,225,93,41.3%,9,4,44.4%,63,31,49.2%,2008
8,9,Pittsburgh Steelers,16,224,92,41.1%,12,3,25.0%,49,27,55.1%,2008
9,10,Dallas Cowboys,16,212,91,42.9%,12,7,58.3%,44,26,59.1%,2008
10,11,San Diego Chargers,16,194,89,45.9%,11,8,72.7%,65,37,56.9%,2008
11,12,Tampa Bay Buccaneers,16,229,88,38.4%,18,10,55.6%,56,22,39.3%,2008
12,13,New York Giants,16,204,88,43.1%,11,5,45.5%,69,35,50.7%,2008
13,14,Jacksonville Jaguars,16,213,87,40.8%,24,14,58.3%,45,25,55.6%,2008
14,15,Minnesota Vikings,16,218,86,39.4%,18,9,50.0%,44,19,43.2%,2008
15,16,Arizona Cardinals,16,198,83,41.9%,16,8,50.0%,65,38,58.5%,2008
16,17,Houston Texans,16,197,83,42.1%,23,14,60.9%,61,28,45.9%,2008
17,18,Kansas City Chiefs,16,214,82,38.3%,18,7,38.9%,45,26,57.8%,2008
18,19,Cincinnati Bengals,16,236,82,34.7%,14,7,50.0%,33,15,45.5%,2008
19,20,Buffalo Bills,16,203,81,39.9%,16,7,43.8%,52,25,48.1%,2008
20,21,New York Jets,16,197,81,41.1%,16,9,56.3%,62,33,53.2%,2008
21,22,Tennessee Titans,16,216,78,36.1%,11,5,45.5%,45,28,62.2%,2008
22,23,Chicago Bears,16,219,78,35.6%,14,6,42.9%,50,28,56.0%,2008
23,24,Carolina Panthers,16,197,78,39.6%,8,3,37.5%,49,32,65.3%,2008
24,25,Washington Redskins,16,216,76,35.2%,16,10,62.5%,48,23,47.9%,2008
25,26,San Francisco 49ers,16,198,75,37.9%,11,5,45.5%,52,27,51.9%,2008
26,27,Cleveland Browns,16,212,72,34.0%,14,6,42.9%,38,14,36.8%,2008
27,28,Miami Dolphins,16,192,71,37.0%,15,10,66.7%,45,27,60.0%,2008
28,29,St. Louis Rams,16,216,69,31.9%,23,11,47.8%,29,10,34.5%,2008
29,30,Seattle Seahawks,16,198,62,31.3%,12,10,83.3%,42,21,50.0%,2008
30,31,Oakland Raiders,16,214,61,28.5%,21,9,42.9%,37,15,40.5%,2008
31,32,Detroit Lions,16,205,59,28.8%,20,10,50.0%,31,19,61.3%,2008
0,1,Miami Dolphins,16,245,120,49.0%,18,13,72.2%,54,33,61.1%,2009
1,2,Green Bay Packers,16,219,103,47.0%,9,3,33.3%,62,34,54.8%,2009
2,3,Jacksonville Jaguars,16,226,102,45.1%,21,12,57.1%,47,24,51.1%,2009
3,4,Minnesota Vikings,16,223,100,44.8%,12,8,66.7%,69,43,62.3%,2009
4,5,Indianapolis Colts,16,193,95,49.2%,11,5,45.5%,53,35,66.0%,2009
5,6,Cincinnati Bengals,16,229,93,40.6%,14,10,71.4%,50,25,50.0%,2009
6,7,Atlanta Falcons,16,216,91,42.1%,23,16,69.6%,56,29,51.8%,2009
7,8,New York Giants,16,210,90,42.9%,15,9,60.0%,56,27,48.2%,2009
8,9,New England Patriots,16,206,90,43.7%,22,11,50.0%,65,34,52.3%,2009
9,10,Baltimore Ravens,16,214,89,41.6%,13,6,46.2%,57,30,52.6%,2009
10,11,Tennessee Titans,16,214,89,41.6%,22,12,54.5%,39,22,56.4%,2009
11,12,New Orleans Saints,16,197,88,44.7%,15,6,40.0%,71,41,57.7%,2009
12,13,Washington Redskins,16,216,86,39.8%,22,7,31.8%,46,26,56.5%,2009
13,14,New York Jets,16,232,86,37.1%,20,15,75.0%,49,24,49.0%,2009
14,15,Detroit Lions,16,234,84,35.9%,26,7,26.9%,36,17,47.2%,2009
15,16,San Diego Chargers,16,187,83,44.4%,10,5,50.0%,63,34,54.0%,2009
16,17,Houston Texans,16,204,82,40.2%,12,8,66.7%,63,33,52.4%,2009
17,18,Dallas Cowboys,16,202,82,40.6%,11,4,36.4%,50,26,52.0%,2009
18,19,Carolina Panthers,16,220,82,37.3%,20,9,45.0%,40,20,50.0%,2009
19,20,Chicago Bears,16,217,81,37.3%,18,7,38.9%,51,24,47.1%,2009
20,21,Pittsburgh Steelers,16,203,80,39.4%,12,8,66.7%,56,27,48.2%,2009
21,22,Denver Broncos,16,215,78,36.3%,18,7,38.9%,52,25,48.1%,2009
22,23,Cleveland Browns,16,233,76,32.6%,15,10,66.7%,39,17,43.6%,2009
23,24,Philadelphia Eagles,16,207,75,36.2%,14,6,42.9%,52,25,48.1%,2009
24,25,Seattle Seahawks,16,225,75,33.3%,19,8,42.1%,48,19,39.6%,2009
25,26,St. Louis Rams,16,226,73,32.3%,28,10,35.7%,34,11,32.4%,2009
26,27,Tampa Bay Buccaneers,16,218,71,32.6%,22,9,40.9%,31,16,51.6%,2009
27,28,Arizona Cardinals,16,190,69,36.3%,9,5,55.6%,54,38,70.4%,2009
28,29,San Francisco 49ers,16,218,65,29.8%,21,12,57.1%,39,23,59.0%,2009
29,30,Oakland Raiders,16,213,63,29.6%,21,10,47.6%,29,12,41.4%,2009
30,31,Kansas City Chiefs,16,227,62,27.3%,29,14,48.3%,38,18,47.4%,2009
31,32,Buffalo Bills,16,198,51,25.8%,15,7,46.7%,38,12,31.6%,2009
0,1,Atlanta Falcons,16,240,112,46.7%,15,11,73.3%,58,35,60.3%,2010
1,2,New Orleans Saints,16,217,106,48.8%,11,5,45.5%,61,31,50.8%,2010
2,3,Detroit Lions,16,242,97,40.1%,16,10,62.5%,45,29,64.4%,2010
3,4,New England Patriots,16,197,95,48.2%,14,7,50.0%,67,42,62.7%,2010
4,5,Pittsburgh Steelers,16,218,94,43.1%,5,2,40.0%,50,24,48.0%,2010
5,6,New York Jets,16,235,93,39.6%,14,5,35.7%,50,20,40.0%,2010
6,7,San Diego Chargers,16,205,92,44.9%,13,5,38.5%,59,33,55.9%,2010
7,8,Miami Dolphins,16,230,92,40.0%,10,3,30.0%,34,18,52.9%,2010
8,9,Indianapolis Colts,16,204,91,44.6%,8,5,62.5%,56,38,67.9%,2010
9,10,Tampa Bay Buccaneers,16,211,89,42.2%,14,10,71.4%,44,23,52.3%,2010
10,11,Cincinnati Bengals,16,224,87,38.8%,19,13,68.4%,55,27,49.1%,2010
11,12,Dallas Cowboys,16,211,86,40.8%,22,13,59.1%,47,28,59.6%,2010
12,13,Philadelphia Eagles,16,214,85,39.7%,13,9,69.2%,58,31,53.4%,2010
13,14,Green Bay Packers,16,205,85,41.5%,13,5,38.5%,53,32,60.4%,2010
14,15,Kansas City Chiefs,16,226,83,36.7%,23,10,43.5%,52,31,59.6%,2010
15,16,Baltimore Ravens,16,210,82,39.0%,10,4,40.0%,51,25,49.0%,2010
16,17,Jacksonville Jaguars,16,203,81,39.9%,25,16,64.0%,46,29,63.0%,2010
17,18,Buffalo Bills,16,211,80,37.9%,24,11,45.8%,37,19,51.4%,2010
18,19,Houston Texans,16,192,79,41.1%,19,9,47.4%,53,33,62.3%,2010
19,20,St. Louis Rams,16,235,78,33.2%,15,8,53.3%,56,20,35.7%,2010
20,21,Seattle Seahawks,16,214,76,35.5%,17,6,35.3%,50,21,42.0%,2010
21,22,Cleveland Browns,16,202,75,37.1%,7,5,71.4%,42,19,45.2%,2010
22,23,Oakland Raiders,16,220,75,34.1%,20,8,40.0%,48,25,52.1%,2010
23,24,New York Giants,16,206,74,35.9%,11,3,27.3%,54,31,57.4%,2010
24,25,Minnesota Vikings,16,205,71,34.6%,17,8,47.1%,46,20,43.5%,2010
25,26,Tennessee Titans,16,204,71,34.8%,14,8,57.1%,43,25,58.1%,2010
26,27,Carolina Panthers,16,227,69,30.4%,23,10,43.5%,33,10,30.3%,2010
27,28,San Francisco 49ers,16,213,68,31.9%,16,8,50.0%,42,20,47.6%,2010
28,29,Denver Broncos,16,207,67,32.4%,19,6,31.6%,52,29,55.8%,2010
29,30,Chicago Bears,16,195,64,32.8%,7,2,28.6%,51,23,45.1%,2010
30,31,Washington Redskins,16,208,61,29.3%,12,6,50.0%,43,22,51.2%,2010
31,32,Arizona Cardinals,16,209,58,27.8%,18,7,38.9%,37,16,43.2%,2010
0,1,New Orleans Saints,16,208,118,56.7%,10,3,30.0%,75,44,58.7%,2011
1,2,San Diego Chargers,16,211,103,48.8%,11,4,36.4%,54,29,53.7%,2011
2,3,Atlanta Falcons,16,224,99,44.2%,13,4,30.8%,59,31,52.5%,2011
3,4,Baltimore Ravens,16,229,97,42.4%,7,4,57.1%,49,25,51.0%,2011
4,5,Houston Texans,16,224,93,41.5%,11,3,27.3%,60,28,46.7%,2011
5,6,Cleveland Browns,16,238,92,38.7%,18,10,55.6%,31,13,41.9%,2011
6,7,Green Bay Packers,16,189,91,48.1%,8,4,50.0%,66,43,65.2%,2011
7,8,Pittsburgh Steelers,16,196,90,45.9%,8,3,37.5%,53,27,50.9%,2011
8,9,New England Patriots,16,194,89,45.9%,11,7,63.6%,72,47,65.3%,2011
9,10,Philadelphia Eagles,16,205,85,41.5%,15,7,46.7%,66,34,51.5%,2011
10,11,Minnesota Vikings,16,216,83,38.4%,18,7,38.9%,53,30,56.6%,2011
11,12,Washington Redskins,16,219,81,37.0%,13,4,30.8%,51,21,41.2%,2011
12,13,Kansas City Chiefs,16,225,81,36.0%,17,7,41.2%,36,12,33.3%,2011
13,14,Jacksonville Jaguars,16,241,81,33.6%,17,6,35.3%,35,17,48.6%,2011
14,15,Cincinnati Bengals,16,219,80,36.5%,10,4,40.0%,51,23,45.1%,2011
15,16,Tennessee Titans,16,218,80,36.7%,14,10,71.4%,37,22,59.5%,2011
16,17,Dallas Cowboys,16,198,78,39.4%,10,5,50.0%,51,25,49.0%,2011
17,18,Seattle Seahawks,16,228,77,33.8%,15,7,46.7%,46,22,47.8%,2011
18,19,New York Giants,16,206,77,37.4%,13,4,30.8%,56,32,57.1%,2011
19,20,Detroit Lions,16,212,76,35.8%,14,8,57.1%,58,37,63.8%,2011
20,21,Tampa Bay Buccaneers,16,206,76,36.9%,21,8,38.1%,38,19,50.0%,2011
21,22,Carolina Panthers,16,185,75,40.5%,10,6,60.0%,57,33,57.9%,2011
22,23,Indianapolis Colts,16,214,74,34.6%,11,4,36.4%,38,16,42.1%,2011
23,24,New York Jets,16,213,74,34.7%,11,4,36.4%,55,36,65.5%,2011
24,25,Oakland Raiders,16,199,71,35.7%,13,7,53.8%,47,24,51.1%,2011
25,26,Miami Dolphins,16,207,69,33.3%,16,6,37.5%,53,25,47.2%,2011
26,27,Chicago Bears,16,203,66,32.5%,8,2,25.0%,38,20,52.6%,2011
27,28,Arizona Cardinals,16,205,66,32.2%,15,9,60.0%,45,23,51.1%,2011
28,29,Denver Broncos,16,214,66,30.8%,13,3,23.1%,36,17,47.2%,2011
29,30,San Francisco 49ers,16,221,65,29.4%,14,9,64.3%,54,22,40.7%,2011
30,31,St. Louis Rams,16,228,64,28.1%,23,8,34.8%,31,12,38.7%,2011
31,32,Buffalo Bills,16,191,62,32.5%,22,9,40.9%,53,28,52.8%,2011
0,1,New England Patriots,16,226,110,48.7%,12,8,66.7%,70,49,70.0%,2012
1,2,Indianapolis Colts,16,229,98,42.8%,8,7,87.5%,48,26,54.2%,2012
2,3,Detroit Lions,16,228,97,42.5%,15,6,40.0%,55,33,60.0%,2012
3,4,Denver Broncos,16,213,96,45.1%,5,3,60.0%,66,39,59.1%,2012
4,5,Pittsburgh Steelers,16,224,94,42.0%,13,6,46.2%,49,27,55.1%,2012
5,6,Dallas Cowboys,16,212,93,43.9%,11,8,72.7%,49,25,51.0%,2012
6,7,Atlanta Falcons,16,204,92,45.1%,8,2,25.0%,63,37,58.7%,2012
7,8,New Orleans Saints,16,207,91,44.0%,14,8,57.1%,57,39,68.4%,2012
8,9,Green Bay Packers,16,213,90,42.3%,13,7,53.8%,47,32,68.1%,2012
9,10,Carolina Panthers,16,204,88,43.1%,9,3,33.3%,46,27,58.7%,2012
10,11,Houston Texans,16,221,83,37.6%,7,4,57.1%,57,32,56.1%,2012
11,12,Tennessee Titans,16,217,83,38.2%,15,5,33.3%,36,18,50.0%,2012
12,13,Philadelphia Eagles,16,222,83,37.4%,24,14,58.3%,50,22,44.0%,2012
13,14,San Diego Chargers,16,217,82,37.8%,11,6,54.5%,47,22,46.8%,2012
14,15,Baltimore Ravens,16,217,80,36.9%,14,6,42.9%,49,28,57.1%,2012
15,16,Seattle Seahawks,16,199,80,40.2%,18,11,61.1%,54,31,57.4%,2012
16,17,Chicago Bears,16,219,80,36.5%,13,5,38.5%,46,23,50.0%,2012
17,18,New York Jets,16,217,80,36.9%,14,7,50.0%,47,23,48.9%,2012
18,19,Miami Dolphins,16,207,78,37.7%,15,5,33.3%,38,21,55.3%,2012
19,20,Minnesota Vikings,16,210,78,37.1%,11,7,63.6%,52,28,53.8%,2012
20,21,New York Giants,16,192,78,40.6%,10,5,50.0%,62,34,54.8%,2012
21,22,Buffalo Bills,16,198,77,38.9%,8,5,62.5%,48,24,50.0%,2012
22,23,Oakland Raiders,16,220,77,35.0%,16,4,25.0%,42,18,42.9%,2012
23,24,Tampa Bay Buccaneers,16,212,76,35.8%,17,7,41.2%,47,28,59.6%,2012
24,25,Cincinnati Bengals,16,217,74,34.1%,16,11,68.8%,57,31,54.4%,2012
25,26,Kansas City Chiefs,16,212,70,33.0%,15,7,46.7%,37,10,27.0%,2012
26,27,San Francisco 49ers,16,194,68,35.1%,12,8,66.7%,55,28,50.9%,2012
27,28,Washington Redskins,16,190,68,35.8%,17,12,70.6%,53,32,60.4%,2012
28,29,St. Louis Rams,16,209,67,32.1%,24,13,54.2%,37,19,51.4%,2012
29,30,Cleveland Browns,16,218,67,30.7%,16,7,43.8%,39,17,43.6%,2012
30,31,Jacksonville Jaguars,16,216,64,29.6%,26,8,30.8%,36,16,44.4%,2012
31,32,Arizona Cardinals,16,230,58,25.2%,24,10,41.7%,40,16,40.0%,2012
0,1,San Diego Chargers,16,206,101,49.0%,6,5,83.3%,59,30,50.8%,2013
1,2,New Orleans Saints,16,221,97,43.9%,19,9,47.4%,57,32,56.1%,2013
2,3,Washington Redskins,16,235,95,40.4%,20,6,30.0%,50,26,52.0%,2013
3,4,Denver Broncos,16,205,95,46.3%,9,8,88.9%,67,51,76.1%,2013
4,5,Detroit Lions,16,221,95,43.0%,14,5,35.7%,56,35,62.5%,2013
5,6,Tennessee Titans,16,227,94,41.4%,17,11,64.7%,49,28,57.1%,2013
6,7,Cincinnati Bengals,16,225,92,40.9%,21,12,57.1%,46,34,73.9%,2013
7,8,Baltimore Ravens,16,253,92,36.4%,16,6,37.5%,52,24,46.2%,2013
8,9,Carolina Panthers,16,208,91,43.8%,13,10,76.9%,50,29,58.0%,2013
9,10,New York Jets,16,231,90,39.0%,8,1,12.5%,42,21,50.0%,2013
10,11,Atlanta Falcons,16,207,89,43.0%,14,6,42.9%,52,27,51.9%,2013
11,12,Green Bay Packers,16,216,89,41.2%,13,9,69.2%,65,33,50.8%,2013
12,13,Buffalo Bills,16,244,83,34.0%,14,4,28.6%,44,21,47.7%,2013
13,14,Philadelphia Eagles,16,213,83,39.0%,14,7,50.0%,57,30,52.6%,2013
14,15,New England Patriots,16,221,83,37.6%,15,7,46.7%,65,36,55.4%,2013
15,16,Chicago Bears,16,197,83,42.1%,13,8,61.5%,60,35,58.3%,2013
16,17,Cleveland Browns,16,237,83,35.0%,31,14,45.2%,36,19,52.8%,2013
17,18,Houston Texans,16,231,83,35.9%,17,6,35.3%,40,20,50.0%,2013
18,19,Pittsburgh Steelers,16,216,82,38.0%,15,9,60.0%,53,28,52.8%,2013
19,20,Indianapolis Colts,16,213,80,37.6%,10,3,30.0%,50,28,56.0%,2013
20,21,Oakland Raiders,16,223,78,35.0%,12,7,58.3%,42,25,59.5%,2013
21,22,Minnesota Vikings,16,214,78,36.4%,19,10,52.6%,48,25,52.1%,2013
22,23,San Francisco 49ers,16,211,77,36.5%,11,7,63.6%,55,31,56.4%,2013
23,24,Miami Dolphins,16,217,76,35.0%,12,3,25.0%,46,26,56.5%,2013
24,25,Seattle Seahawks,16,204,76,37.3%,11,6,54.5%,57,32,56.1%,2013
25,26,Arizona Cardinals,16,210,74,35.2%,9,5,55.6%,50,26,52.0%,2013
26,27,Kansas City Chiefs,16,213,74,34.7%,11,4,36.4%,57,33,57.9%,2013
27,28,St. Louis Rams,16,212,73,34.4%,18,6,33.3%,49,25,51.0%,2013
28,29,Jacksonville Jaguars,16,225,70,31.1%,30,13,43.3%,41,18,43.9%,2013
29,30,New York Giants,16,211,69,32.7%,12,6,50.0%,36,17,47.2%,2013
30,31,Tampa Bay Buccaneers,16,221,69,31.2%,22,8,36.4%,37,19,51.4%,2013
31,32,Dallas Cowboys,16,180,63,35.0%,6,4,66.7%,51,35,68.6%,2013
0,1,Philadelphia Eagles,16,237,103,43.5%,11,7,63.6%,59,29,49.2%,2014
1,2,New York Giants,16,235,101,43.0%,16,5,31.3%,61,36,59.0%,2014
2,3,New England Patriots,16,221,98,44.3%,13,7,53.8%,67,39,58.2%,2014
3,4,New Orleans Saints,16,203,98,48.3%,15,8,53.3%,65,39,60.0%,2014
4,5,San Diego Chargers,16,215,97,45.1%,11,5,45.5%,48,26,54.2%,2014
5,6,Dallas Cowboys,16,201,95,47.3%,6,3,50.0%,51,33,64.7%,2014
6,7,Denver Broncos,16,213,94,44.1%,13,6,46.2%,62,39,62.9%,2014
7,8,Green Bay Packers,16,197,93,47.2%,10,4,40.0%,64,37,57.8%,2014
8,9,Atlanta Falcons,16,210,93,44.3%,16,8,50.0%,44,27,61.4%,2014
9,10,Pittsburgh Steelers,16,208,93,44.7%,10,5,50.0%,55,29,52.7%,2014
10,11,Carolina Panthers,16,222,93,41.9%,10,6,60.0%,47,22,46.8%,2014
11,12,Houston Texans,16,235,91,38.7%,17,10,58.8%,48,26,54.2%,2014
12,13,New York Jets,16,234,91,38.9%,16,9,56.3%,47,17,36.2%,2014
13,14,Arizona Cardinals,16,224,90,40.2%,4,3,75.0%,38,16,42.1%,2014
14,15,Seattle Seahawks,16,212,90,42.5%,11,3,27.3%,60,31,51.7%,2014
15,16,Indianapolis Colts,16,217,89,41.0%,15,6,40.0%,60,33,55.0%,2014
16,17,Detroit Lions,16,223,86,38.6%,20,10,50.0%,47,25,53.2%,2014
17,18,San Francisco 49ers,16,213,86,40.4%,18,10,55.6%,44,19,43.2%,2014
18,19,Baltimore Ravens,16,205,84,41.0%,18,9,50.0%,63,33,52.4%,2014
19,20,Cincinnati Bengals,16,211,84,39.8%,13,7,53.8%,49,28,57.1%,2014
20,21,Buffalo Bills,16,229,84,36.7%,14,6,42.9%,51,22,43.1%,2014
21,22,Minnesota Vikings,16,211,82,38.9%,12,6,50.0%,39,21,53.8%,2014
22,23,Miami Dolphins,16,200,80,40.0%,19,7,36.8%,68,35,51.5%,2014
23,24,Oakland Raiders,16,236,80,33.9%,15,9,60.0%,29,21,72.4%,2014
24,25,Kansas City Chiefs,16,201,80,39.8%,12,5,41.7%,48,28,58.3%,2014
25,26,Chicago Bears,16,207,78,37.7%,28,13,46.4%,47,30,63.8%,2014
26,27,Tampa Bay Buccaneers,16,203,76,37.4%,12,4,33.3%,39,21,53.8%,2014
27,28,Jacksonville Jaguars,16,216,69,31.9%,19,7,36.8%,32,13,40.6%,2014
28,29,St. Louis Rams,16,192,68,35.4%,10,4,40.0%,44,22,50.0%,2014
29,30,Washington Redskins,16,197,62,31.5%,16,4,25.0%,48,23,47.9%,2014
30,31,Cleveland Browns,16,207,61,29.5%,14,5,35.7%,49,24,49.0%,2014
31,32,Tennessee Titans,16,196,59,30.1%,17,6,35.3%,39,19,48.7%,2014
0,1,Atlanta Falcons,16,227,107,47.1%,19,10,52.6%,53,29,54.7%,2015
1,2,New Orleans Saints,16,218,104,47.7%,16,10,62.5%,58,35,60.3%,2015
2,3,Seattle Seahawks,16,213,99,46.5%,9,8,88.9%,49,27,55.1%,2015
3,4,San Diego Chargers,16,231,97,42.0%,15,5,33.3%,44,28,63.6%,2015
4,5,Houston Texans,16,249,96,38.6%,19,6,31.6%,45,26,57.8%,2015
5,6,Cleveland Browns,16,227,95,41.9%,24,10,41.7%,47,18,38.3%,2015
6,7,Washington Redskins,16,216,94,43.5%,12,7,58.3%,49,30,61.2%,2015
7,8,Indianapolis Colts,16,235,94,40.0%,13,7,53.8%,49,26,53.1%,2015
8,9,Chicago Bears,16,219,93,42.5%,10,6,60.0%,50,24,48.0%,2015
9,10,Arizona Cardinals,16,198,93,47.0%,9,4,44.4%,63,38,60.3%,2015
10,11,New York Jets,16,229,93,40.6%,14,6,42.9%,53,35,66.0%,2015
11,12,Philadelphia Eagles,16,230,91,39.6%,16,8,50.0%,43,24,55.8%,2015
12,13,New England Patriots,16,215,88,40.9%,15,9,60.0%,61,40,65.6%,2015
13,14,Buffalo Bills,16,227,86,37.9%,16,7,43.8%,38,19,50.0%,2015
14,15,Oakland Raiders,16,220,86,39.1%,13,5,38.5%,41,25,61.0%,2015
15,16,Carolina Panthers,16,203,86,42.4%,10,6,60.0%,63,43,68.3%,2015
16,17,Baltimore Ravens,16,226,85,37.6%,24,12,50.0%,47,23,48.9%,2015
17,18,Tampa Bay Buccaneers,16,202,84,41.6%,13,7,53.8%,51,27,52.9%,2015
18,19,New York Giants,16,217,82,37.8%,16,9,56.3%,54,24,44.4%,2015
19,20,Cincinnati Bengals,16,201,81,40.3%,12,7,58.3%,58,38,65.5%,2015
20,21,Denver Broncos,16,224,79,35.3%,14,7,50.0%,44,21,47.7%,2015
21,22,Minnesota Vikings,16,199,76,38.2%,11,5,45.5%,44,22,50.0%,2015
22,23,Kansas City Chiefs,16,199,76,38.2%,9,6,66.7%,54,31,57.4%,2015
23,24,Detroit Lions,16,203,75,36.9%,14,7,50.0%,49,34,69.4%,2015
24,25,Pittsburgh Steelers,16,193,75,38.9%,12,4,33.3%,56,34,60.7%,2015
25,26,Jacksonville Jaguars,16,205,72,35.1%,15,8,53.3%,54,29,53.7%,2015
26,27,Green Bay Packers,16,208,70,33.7%,21,11,52.4%,52,28,53.8%,2015
27,28,Dallas Cowboys,16,191,66,34.6%,16,8,50.0%,45,20,44.4%,2015
28,29,San Francisco 49ers,16,213,65,30.5%,19,9,47.4%,39,17,43.6%,2015
29,30,Tennessee Titans,16,201,64,31.8%,15,7,46.7%,40,26,65.0%,2015
30,31,Miami Dolphins,16,205,63,30.7%,22,8,36.4%,43,23,53.5%,2015
31,32,St. Louis Rams,16,201,52,25.9%,13,4,30.8%,36,19,52.8%,2015
0,1,New Orleans Saints,16,220,107,48.6%,15,13,86.7%,68,45,66.2%,2016
1,2,New England Patriots,16,227,104,45.8%,12,8,66.7%,60,38,63.3%,2016
2,3,Tennessee Titans,16,217,100,46.1%,11,4,36.4%,50,36,72.0%,2016
3,4,Green Bay Packers,16,210,98,46.7%,17,7,41.2%,66,40,60.6%,2016
4,5,Tampa Bay Buccaneers,16,214,94,43.9%,9,4,44.4%,54,28,51.9%,2016
5,6,Washington Redskins,16,199,90,45.2%,14,7,50.0%,61,28,45.9%,2016
6,7,Indianapolis Colts,16,202,87,43.1%,18,8,44.4%,53,35,66.0%,2016
7,8,Arizona Cardinals,16,214,87,40.7%,10,5,50.0%,54,35,64.8%,2016
8,9,Houston Texans,16,233,87,37.3%,23,9,39.1%,44,18,40.9%,2016
9,10,Buffalo Bills,16,210,86,41.0%,15,8,53.3%,54,35,64.8%,2016
10,11,Baltimore Ravens,16,233,86,36.9%,19,8,42.1%,46,24,52.2%,2016
11,12,San Diego Chargers,16,200,85,42.5%,12,6,50.0%,62,32,51.6%,2016
12,13,Philadelphia Eagles,16,224,85,37.9%,27,13,48.1%,55,27,49.1%,2016
13,14,Detroit Lions,16,195,83,42.6%,10,7,70.0%,48,26,54.2%,2016
14,15,Oakland Raiders,16,218,83,38.1%,13,6,46.2%,56,32,57.1%,2016
15,16,Pittsburgh Steelers,16,202,83,41.1%,16,9,56.3%,49,29,59.2%,2016
16,17,Carolina Panthers,16,223,83,37.2%,17,11,64.7%,49,29,59.2%,2016
17,18,Cincinnati Bengals,16,210,82,39.0%,9,7,77.8%,54,29,53.7%,2016
18,19,Minnesota Vikings,16,213,81,38.0%,18,8,44.4%,50,23,46.0%,2016
19,20,Kansas City Chiefs,16,213,81,38.0%,14,10,71.4%,55,25,45.5%,2016
20,21,Dallas Cowboys,16,189,80,42.3%,9,8,88.9%,57,38,66.7%,2016
21,22,Seattle Seahawks,16,207,79,38.2%,11,4,36.4%,56,26,46.4%,2016
22,23,New York Giants,16,219,78,35.6%,19,9,47.4%,43,23,53.5%,2016
23,24,Jacksonville Jaguars,16,221,78,35.3%,16,7,43.8%,40,24,60.0%,2016
24,25,San Francisco 49ers,16,222,78,35.1%,19,10,52.6%,44,30,68.2%,2016
25,26,Cleveland Browns,16,212,77,36.3%,18,13,72.2%,44,24,54.5%,2016
26,27,New York Jets,16,210,76,36.2%,19,8,42.1%,54,19,35.2%,2016
27,28,Atlanta Falcons,16,178,75,42.1%,14,8,57.1%,63,39,61.9%,2016
28,29,Denver Broncos,16,219,75,34.2%,17,9,52.9%,47,22,46.8%,2016
29,30,Chicago Bears,16,185,70,37.8%,14,4,28.6%,49,25,51.0%,2016
30,31,Miami Dolphins,16,188,69,36.7%,4,0,0.0%,47,26,55.3%,2016
31,32,Los Angeles Rams,16,213,67,31.5%,20,8,40.0%,34,16,47.1%,2016
0,1,Buffalo Bills,16,241,101,41.9%,15,2,13.3%,44,23,52.3%,2017
1,2,Philadelphia Eagles,16,230,96,41.7%,26,17,65.4%,55,36,65.5%,2017
2,3,Minnesota Vikings,16,216,94,43.5%,7,1,14.3%,57,33,57.9%,2017
3,4,Denver Broncos,16,241,94,39.0%,20,7,35.0%,48,19,39.6%,2017
4,5,Carolina Panthers,16,222,93,41.9%,11,5,45.5%,52,28,53.8%,2017
5,6,Pittsburgh Steelers,16,209,92,44.0%,8,3,37.5%,63,32,50.8%,2017
6,7,San Francisco 49ers,16,234,91,38.9%,18,8,44.4%,51,24,47.1%,2017
7,8,Los Angeles Rams,16,214,88,41.1%,12,5,41.7%,69,38,55.1%,2017
8,9,Atlanta Falcons,16,197,88,44.7%,13,4,30.8%,54,27,50.0%,2017
9,10,Indianapolis Colts,16,228,87,38.2%,17,8,47.1%,40,16,40.0%,2017
10,11,Dallas Cowboys,16,203,87,42.9%,19,10,52.6%,52,31,59.6%,2017
11,12,Tampa Bay Buccaneers,16,196,85,43.4%,8,4,50.0%,53,26,49.1%,2017
12,13,Jacksonville Jaguars,16,227,85,37.4%,13,10,76.9%,50,32,64.0%,2017
13,14,Los Angeles Chargers,16,209,84,40.2%,11,5,45.5%,47,22,46.8%,2017
14,15,Green Bay Packers,16,211,83,39.3%,28,15,53.6%,42,26,61.9%,2017
15,16,New England Patriots,16,202,82,40.6%,13,8,61.5%,70,42,60.0%,2017
16,17,Arizona Cardinals,16,233,82,35.2%,16,7,43.8%,48,20,41.7%,2017
17,18,Oakland Raiders,16,204,82,40.2%,24,8,33.3%,34,20,58.8%,2017
18,19,New York Jets,16,228,81,35.5%,13,7,53.8%,33,18,54.5%,2017
19,20,Detroit Lions,16,209,81,38.8%,9,1,11.1%,46,26,56.5%,2017
20,21,Seattle Seahawks,16,212,79,37.3%,9,5,55.6%,45,25,55.6%,2017
21,22,Kansas City Chiefs,16,199,78,39.2%,10,3,30.0%,50,21,42.0%,2017
22,23,Houston Texans,16,209,76,36.4%,10,5,50.0%,42,22,52.4%,2017
23,24,Baltimore Ravens,16,223,76,34.1%,16,10,62.5%,52,30,57.7%,2017
24,25,New York Giants,16,227,74,32.6%,21,8,38.1%,39,19,48.7%,2017
25,26,Cleveland Browns,16,216,73,33.8%,23,12,52.2%,39,19,48.7%,2017
26,27,New Orleans Saints,16,194,73,37.6%,15,12,80.0%,55,32,58.2%,2017
27,28,Tennessee Titans,16,202,71,35.1%,10,5,50.0%,40,21,52.5%,2017
28,29,Chicago Bears,16,205,71,34.6%,18,7,38.9%,33,20,60.6%,2017
29,30,Cincinnati Bengals,16,199,67,33.7%,12,5,41.7%,43,24,55.8%,2017
30,31,Washington Redskins,16,204,66,32.4%,16,9,56.3%,46,25,54.3%,2017
31,32,Miami Dolphins,16,202,64,31.7%,24,7,29.2%,38,20,52.6%,2017
0,1,Indianapolis Colts,16,214,104,48.6%,15,7,46.7%,64,44,68.8%,2018
1,2,Baltimore Ravens,16,231,104,45.0%,22,13,59.1%,59,33,55.9%,2018
2,3,Jacksonville Jaguars,16,230,93,40.4%,17,8,47.1%,34,15,44.1%,2018
3,4,Atlanta Falcons,16,203,92,45.3%,19,10,52.6%,50,32,64.0%,2018
4,5,Dallas Cowboys,16,215,89,41.4%,21,12,57.1%,50,24,48.0%,2018
5,6,Pittsburgh Steelers,16,198,88,44.4%,14,9,64.3%,49,36,73.5%,2018
6,7,Tampa Bay Buccaneers,16,187,86,46.0%,13,9,69.2%,60,36,60.0%,2018
7,8,Los Angeles Rams,16,191,86,45.0%,15,6,40.0%,80,46,57.5%,2018
8,9,Philadelphia Eagles,16,205,84,41.0%,23,14,60.9%,57,33,57.9%,2018
9,10,Kansas City Chiefs,16,176,83,47.2%,15,12,80.0%,71,51,71.8%,2018
10,11,Chicago Bears,16,200,82,41.0%,15,9,60.0%,54,36,66.7%,2018
11,12,Tennessee Titans,16,205,82,40.0%,12,7,58.3%,47,25,53.2%,2018
12,13,New England Patriots,16,201,82,40.8%,14,7,50.0%,57,34,59.6%,2018
13,14,New Orleans Saints,16,184,82,44.6%,16,13,81.3%,69,48,69.6%,2018
14,15,Seattle Seahawks,16,208,81,38.9%,14,11,78.6%,55,36,65.5%,2018
15,16,Houston Texans,16,208,77,37.0%,12,8,66.7%,60,30,50.0%,2018
16,17,Carolina Panthers,16,185,77,41.6%,19,9,47.4%,58,36,62.1%,2018
17,18,New York Giants,16,206,76,36.9%,20,12,60.0%,54,27,50.0%,2018
18,19,Green Bay Packers,16,204,75,36.8%,20,10,50.0%,47,29,61.7%,2018
19,20,Detroit Lions,16,208,75,36.1%,18,11,61.1%,49,26,53.1%,2018
20,21,Washington Redskins,16,206,75,36.4%,18,10,55.6%,40,21,52.5%,2018
21,22,Minnesota Vikings,16,204,73,35.8%,21,9,42.9%,50,27,54.0%,2018
22,23,Oakland Raiders,16,197,73,37.1%,16,7,43.8%,43,23,53.5%,2018
23,24,San Francisco 49ers,16,193,73,37.8%,10,5,50.0%,51,21,41.2%,2018
24,25,Cleveland Browns,16,208,73,35.1%,21,9,42.9%,48,32,66.7%,2018
25,26,Los Angeles Chargers,16,177,70,39.5%,8,7,87.5%,53,34,64.2%,2018
26,27,New York Jets,16,214,69,32.2%,22,11,50.0%,45,20,44.4%,2018
27,28,Denver Broncos,16,207,69,33.3%,25,15,60.0%,44,25,56.8%,2018
28,29,Cincinnati Bengals,16,187,69,36.9%,17,9,52.9%,45,32,71.1%,2018
29,30,Buffalo Bills,16,215,68,31.6%,18,7,38.9%,37,22,59.5%,2018
30,31,Arizona Cardinals,16,199,58,29.1%,16,6,37.5%,28,18,64.3%,2018
31,32,Miami Dolphins,16,186,56,30.1%,13,8,61.5%,31,16,51.6%,2018
0,1,Philadelphia Eagles,16,229,104,45.4%,24,8,33.3%,54,36,66.7%,2019
1,2,Dallas Cowboys,16,204,96,47.1%,16,7,43.8%,54,31,57.4%,2019
2,3,Detroit Lions,16,220,90,40.9%,13,5,38.5%,42,25,59.5%,2019
3,4,San Francisco 49ers,16,200,90,45.0%,12,7,58.3%,62,33,53.2%,2019
4,5,Tampa Bay Buccaneers,16,217,90,41.5%,17,9,52.9%,54,35,64.8%,2019
5,6,Kansas City Chiefs,16,187,89,47.6%,10,6,60.0%,50,27,54.0%,2019
6,7,Oakland Raiders,16,201,88,43.8%,19,11,57.9%,53,28,52.8%,2019
7,8,Baltimore Ravens,16,187,88,47.1%,24,17,70.8%,64,43,67.2%,2019
8,9,Atlanta Falcons,16,207,87,42.0%,21,13,61.9%,60,31,51.7%,2019
9,10,New England Patriots,16,227,87,38.3%,15,6,40.0%,60,30,50.0%,2019
10,11,Indianapolis Colts,16,207,86,41.5%,24,14,58.3%,56,36,64.3%,2019
11,12,Los Angeles Chargers,16,194,86,44.3%,18,10,55.6%,53,28,52.8%,2019
12,13,Houston Texans,16,193,84,43.5%,25,13,52.0%,53,34,64.2%,2019
13,14,Los Angeles Rams,16,208,83,39.9%,13,3,23.1%,59,38,64.4%,2019
14,15,Minnesota Vikings,16,194,83,42.8%,15,8,53.3%,56,34,60.7%,2019
15,16,New Orleans Saints,16,192,81,42.2%,13,5,38.5%,57,34,59.6%,2019
16,17,Cincinnati Bengals,16,222,80,36.0%,26,13,50.0%,48,21,43.8%,2019
17,18,Seattle Seahawks,16,200,79,39.5%,14,7,50.0%,60,38,63.3%,2019
18,19,New York Giants,16,212,79,37.3%,31,14,45.2%,42,24,57.1%,2019
19,20,Chicago Bears,16,216,77,35.6%,21,7,33.3%,46,24,52.2%,2019
20,21,Buffalo Bills,16,212,76,35.8%,18,8,44.4%,44,25,56.8%,2019
21,22,Jacksonville Jaguars,16,220,76,34.5%,25,12,48.0%,47,19,40.4%,2019
22,23,Green Bay Packers,16,203,73,36.0%,14,7,50.0%,50,32,64.0%,2019
23,24,Miami Dolphins,16,207,71,34.3%,28,13,46.4%,48,27,56.3%,2019
24,25,Arizona Cardinals,16,197,71,36.0%,20,13,65.0%,53,24,45.3%,2019
25,26,Cleveland Browns,16,196,71,36.2%,17,7,41.2%,50,29,58.0%,2019
26,27,Tennessee Titans,16,185,70,37.8%,14,4,28.6%,45,34,75.6%,2019
27,28,Pittsburgh Steelers,16,195,67,34.4%,15,2,13.3%,40,14,35.0%,2019
28,29,Carolina Panthers,16,207,66,31.9%,24,12,50.0%,50,29,58.0%,2019
29,30,New York Jets,16,212,65,30.7%,19,7,36.8%,33,18,54.5%,2019
30,31,Denver Broncos,16,202,64,31.7%,16,11,68.8%,42,20,47.6%,2019
31,32,Washington Redskins,16,179,52,29.1%,14,6,42.9%,41,20,48.8%,2019
0,1,Baltimore Ravens,16,207,101,48.8%,19,12,63.2%,60,38,63.3%,2020
1,2,Los Angeles Chargers,16,224,99,44.2%,25,12,48.0%,56,32,57.1%,2020
2,3,Los Angeles Rams,16,226,98,43.4%,17,8,47.1%,57,33,57.9%,2020
3,4,Atlanta Falcons,16,221,97,43.9%,26,15,57.7%,58,31,53.4%,2020
4,5,Pittsburgh Steelers,16,230,97,42.2%,19,10,52.6%,52,33,63.5%,2020
5,6,Kansas City Chiefs,16,194,95,49.0%,16,9,56.3%,59,36,61.0%,2020
6,7,Buffalo Bills,16,187,93,49.7%,10,8,80.0%,68,42,61.8%,2020
7,8,New Orleans Saints,16,208,93,44.7%,16,11,68.8%,68,49,72.1%,2020
8,9,Las Vegas Raiders,16,198,91,46.0%,21,16,76.2%,59,32,54.2%,2020
9,10,Green Bay Packers,16,180,89,49.4%,21,13,61.9%,60,48,80.0%,2020
10,11,Washington Football Team,16,225,88,39.1%,19,11,57.9%,47,27,57.4%,2020
11,12,Cleveland Browns,16,196,88,44.9%,24,8,33.3%,53,39,73.6%,2020
12,13,Dallas Cowboys,16,215,87,40.5%,31,17,54.8%,54,27,50.0%,2020
13,14,Jacksonville Jaguars,16,207,84,40.6%,26,7,26.9%,45,27,60.0%,2020
14,15,Tennessee Titans,16,182,84,46.2%,16,10,62.5%,64,48,75.0%,2020
15,16,Houston Texans,16,193,83,43.0%,16,9,56.3%,50,27,54.0%,2020
16,17,Tampa Bay Buccaneers,16,191,83,43.5%,14,8,57.1%,61,42,68.9%,2020
17,18,Philadelphia Eagles,16,220,82,37.3%,35,15,42.9%,46,28,60.9%,2020
18,19,Denver Broncos,16,212,82,38.7%,15,4,26.7%,45,24,53.3%,2020
19,20,Arizona Cardinals,16,202,80,39.6%,25,17,68.0%,58,38,65.5%,2020
20,21,Detroit Lions,16,192,79,41.1%,20,10,50.0%,53,35,66.0%,2020
21,22,Miami Dolphins,16,202,78,38.6%,10,8,80.0%,60,35,58.3%,2020
22,23,Indianapolis Colts,16,197,78,39.6%,26,16,61.5%,60,35,58.3%,2020
23,24,Cincinnati Bengals,16,213,77,36.2%,27,19,70.4%,48,24,50.0%,2020
24,25,San Francisco 49ers,16,197,77,39.1%,15,6,40.0%,55,37,67.3%,2020
25,26,New England Patriots,16,186,76,40.9%,17,9,52.9%,48,26,54.2%,2020
26,27,Seattle Seahawks,16,189,76,40.2%,14,8,57.1%,56,41,73.2%,2020
27,28,Carolina Panthers,16,195,76,39.0%,27,15,55.6%,57,29,50.9%,2020
28,29,Minnesota Vikings,16,181,74,40.9%,23,13,56.5%,59,42,71.2%,2020
29,30,New York Giants,16,198,72,36.4%,22,14,63.6%,41,19,46.3%,2020
30,31,Chicago Bears,16,205,71,34.6%,28,17,60.7%,55,31,56.4%,2020
31,32,New York Jets,16,206,70,34.0%,18,7,38.9%,38,16,42.1%,2020
0,1,Kansas City Chiefs,17,205,107,52.2%,15,10,66.7%,69,41,59.4%,2021
1,2,Tampa Bay Buccaneers,17,223,105,47.1%,16,9,56.3%,68,45,66.2%,2021
2,3,Buffalo Bills,17,222,103,46.4%,22,11,50.0%,77,48,62.3%,2021
3,4,Tennessee Titans,17,236,103,43.6%,24,15,62.5%,61,39,63.9%,2021
4,5,Philadelphia Eagles,17,221,101,45.7%,24,11,45.8%,61,38,62.3%,2021
5,6,Los Angeles Chargers,17,221,100,45.2%,34,22,64.7%,75,48,64.0%,2021
6,7,Arizona Cardinals,17,221,100,45.2%,29,17,58.6%,65,39,60.0%,2021
7,8,Dallas Cowboys,17,228,99,43.4%,24,14,58.3%,65,41,63.1%,2021
8,9,Houston Texans,17,239,95,39.7%,21,9,42.9%,37,19,51.4%,2021
9,10,Miami Dolphins,17,233,95,40.8%,22,12,54.5%,49,30,61.2%,2021
10,11,Pittsburgh Steelers,17,239,93,38.9%,21,10,47.6%,50,27,54.0%,2021
11,12,New England Patriots,17,209,91,43.5%,17,11,64.7%,63,39,61.9%,2021
12,13,Los Angeles Rams,17,205,90,43.9%,19,10,52.6%,70,42,60.0%,2021
13,14,Green Bay Packers,17,202,88,43.6%,22,13,59.1%,70,41,58.6%,2021
14,15,Washington Football Team,17,224,87,38.8%,32,16,50.0%,51,26,51.0%,2021
15,16,Indianapolis Colts,17,210,86,41.0%,29,18,62.1%,64,36,56.3%,2021
16,17,Carolina Panthers,17,235,84,35.7%,34,14,41.2%,47,25,53.2%,2021
17,18,New York Giants,17,230,84,36.5%,30,13,43.3%,38,17,44.7%,2021
18,19,Minnesota Vikings,17,228,83,36.4%,22,12,54.5%,53,33,62.3%,2021
19,20,Cleveland Browns,17,212,83,39.2%,29,12,41.4%,50,31,62.0%,2021
20,21,Denver Broncos,17,213,82,38.5%,28,16,57.1%,53,29,54.7%,2021
21,22,Cincinnati Bengals,17,207,82,39.6%,20,13,65.0%,52,31,59.6%,2021
22,23,Baltimore Ravens,17,225,82,36.4%,27,18,66.7%,55,34,61.8%,2021
23,24,Atlanta Falcons,17,211,82,38.9%,24,10,41.7%,54,29,53.7%,2021
24,25,San Francisco 49ers,17,199,80,40.2%,20,10,50.0%,54,36,66.7%,2021
25,26,New Orleans Saints,17,220,78,35.5%,21,11,52.4%,56,33,58.9%,2021
26,27,New York Jets,17,212,77,36.3%,29,14,48.3%,51,28,54.9%,2021
27,28,Las Vegas Raiders,17,206,77,37.4%,19,12,63.2%,60,31,51.7%,2021
28,29,Jacksonville Jaguars,17,212,76,35.8%,31,18,58.1%,39,20,51.3%,2021
29,30,Chicago Bears,17,216,75,34.7%,36,15,41.7%,48,23,47.9%,2021
30,31,Detroit Lions,17,213,74,34.7%,41,21,51.2%,45,21,46.7%,2021
31,32,Seattle Seahawks,17,193,72,37.3%,11,4,36.4%,48,31,64.6%,2021
0,1,Los Angeles Chargers,17,257,112,43.6%,29,15,51.7%,62,33,53.2%,2022
1,2,Pittsburgh Steelers,17,236,106,44.9%,15,11,73.3%,52,27,51.9%,2022
2,3,Dallas Cowboys,17,231,105,45.5%,19,10,52.6%,56,40,71.4%,2022
3,4,Philadelphia Eagles,17,222,102,45.9%,32,22,68.8%,59,40,67.8%,2022
4,5,Buffalo Bills,16,193,97,50.3%,13,7,53.8%,58,35,60.3%,2022
5,6,San Francisco 49ers,17,211,95,45.0%,17,7,41.2%,63,34,54.0%,2022
6,7,Cincinnati Bengals,16,206,95,46.1%,12,3,25.0%,57,37,64.9%,2022
7,8,Kansas City Chiefs,17,193,94,48.7%,12,9,75.0%,72,50,69.4%,2022
8,9,Minnesota Vikings,17,226,93,41.2%,19,9,47.4%,64,40,62.5%,2022
9,10,Tampa Bay Buccaneers,17,246,92,37.4%,27,15,55.6%,50,26,52.0%,2022
10,11,Baltimore Ravens,17,218,91,41.7%,20,8,40.0%,59,27,45.8%,2022
11,12,Chicago Bears,17,220,90,40.9%,25,8,32.0%,50,28,56.0%,2022
12,13,Jacksonville Jaguars,17,215,90,41.9%,27,14,51.9%,58,31,53.4%,2022
13,14,New Orleans Saints,17,219,88,40.2%,11,4,36.4%,48,25,52.1%,2022
14,15,Cleveland Browns,17,231,88,38.1%,42,23,54.8%,56,30,53.6%,2022
15,16,Detroit Lions,17,211,86,40.8%,37,20,54.1%,68,45,66.2%,2022
16,17,New York Jets,17,240,83,34.6%,28,11,39.3%,46,20,43.5%,2022
17,18,Los Angeles Rams,17,211,83,39.3%,19,15,78.9%,45,25,55.6%,2022
18,19,Las Vegas Raiders,17,208,83,39.9%,24,13,54.2%,48,23,47.9%,2022
19,20,Atlanta Falcons,17,196,82,41.8%,18,9,50.0%,54,30,55.6%,2022
20,21,Arizona Cardinals,17,233,82,35.2%,41,18,43.9%,44,25,56.8%,2022
21,22,Washington Commanders,17,230,81,35.2%,25,12,48.0%,47,24,51.1%,2022
22,23,Tennessee Titans,17,219,80,36.5%,17,9,52.9%,42,27,64.3%,2022
23,24,Green Bay Packers,17,200,79,39.5%,31,12,38.7%,54,28,51.9%,2022
24,25,New York Giants,17,212,78,36.8%,21,10,47.6%,49,31,63.3%,2022
25,26,Seattle Seahawks,17,201,76,37.8%,21,12,57.1%,55,26,47.3%,2022
26,27,Indianapolis Colts,17,228,75,32.9%,26,12,46.2%,48,22,45.8%,2022
27,28,New England Patriots,17,215,75,34.9%,13,5,38.5%,45,19,42.2%,2022
28,29,Miami Dolphins,17,196,71,36.2%,24,13,54.2%,50,30,60.0%,2022
29,30,Denver Broncos,17,230,67,29.1%,24,12,50.0%,36,20,55.6%,2022
30,31,Houston Texans,17,221,67,30.3%,26,13,50.0%,48,23,47.9%,2022
31,32,Carolina Panthers,17,202,64,31.7%,21,12,57.1%,46,26,56.5%,2022
