,Rk,Tm,G,#Dr,Plays,Sc%,TO%,Plays.1,Yds,Start,Time,Pts,Year
0,1,Carolina Panthers,16,211,986,19.4,17.5,4.7,20.1,Own 32.1,2:13,1.08,2002
1,2,Dallas Cowboys,16,203,970,16.3,15.8,4.8,21.5,Own 28.0,2:14,0.9,2002
2,3,Houston Texans,16,201,971,16.9,11.9,4.8,17.6,Own 30.6,2:14,0.85,2002
3,4,Philadelphia Eagles,16,200,1107,36.0,12.0,5.5,28.0,Own 35.2,2:30,1.92,2002
4,5,Chicago Bears,16,199,998,26.1,16.1,5.0,21.9,Own 30.9,2:15,1.39,2002
5,6,Green Bay Packers,16,198,1093,34.8,14.1,5.5,28.0,Own 30.8,2:36,1.87,2002
6,7,Washington Redskins,16,197,1066,25.4,18.3,5.4,26.0,Own 30.7,2:24,1.45,2002
7,8,Pittsburgh Steelers,16,196,1137,35.7,16.8,5.8,30.2,Own 33.7,2:44,1.91,2002
8,9,Detroit Lions,16,196,983,26.0,14.8,5.0,22.8,Own 31.7,2:08,1.35,2002
9,10,New Orleans Saints,16,192,1038,38.5,14.6,5.4,27.0,Own 35.6,2:25,2.05,2002
10,11,Minnesota Vikings,16,191,1109,35.6,19.9,5.8,32.3,Own 31.3,2:40,2.01,2002
11,12,San Diego Chargers,16,191,1056,28.3,11.0,5.5,27.8,Own 31.3,2:36,1.6,2002
12,13,Miami Dolphins,16,191,1042,34.6,15.7,5.5,28.2,Own 32.1,2:38,1.92,2002
13,14,Cleveland Browns,16,191,1021,30.9,15.2,5.3,26.2,Own 30.5,2:31,1.7,2002
14,15,Atlanta Falcons,16,189,1078,38.6,13.2,5.7,29.3,Own 32.9,2:49,2.03,2002
15,16,New York Giants,16,189,1091,31.2,13.8,5.8,30.5,Own 30.2,2:41,1.63,2002
16,17,St. Louis Rams,16,189,1052,28.6,23.3,5.6,29.4,Own 32.0,2:36,1.6,2002
17,18,Arizona Cardinals,16,188,1024,22.9,18.6,5.4,24.1,Own 30.3,2:29,1.28,2002
18,19,Tampa Bay Buccaneers,16,187,1061,32.6,10.7,5.7,26.7,Own 32.4,2:45,1.6,2002
19,20,New England Patriots,16,185,1061,34.6,11.9,5.7,27.3,Own 33.8,2:32,1.84,2002
20,21,Baltimore Ravens,16,185,973,27.6,15.1,5.3,24.9,Own 30.4,2:24,1.48,2002
21,22,Buffalo Bills,16,184,1087,35.9,15.8,5.9,30.3,Own 29.7,2:43,1.97,2002
22,23,Indianapolis Colts,16,183,1080,33.9,16.4,5.9,30.7,Own 33.1,2:43,1.87,2002
23,24,Cincinnati Bengals,16,183,1072,24.6,16.9,5.9,28.4,Own 28.1,2:32,1.39,2002
24,25,Tennessee Titans,16,182,1064,34.6,13.2,5.8,28.8,Own 32.2,2:55,1.87,2002
25,26,Denver Broncos,16,181,1093,37.6,14.9,6.0,33.5,Own 30.9,2:45,2.06,2002
26,27,Seattle Seahawks,16,179,1079,33.0,15.6,6.0,32.4,Own 29.0,2:38,1.79,2002
27,28,Jacksonville Jaguars,16,178,986,31.5,7.9,5.5,27.3,Own 32.9,2:34,1.78,2002
28,29,Kansas City Chiefs,16,178,992,42.7,7.9,5.6,33.7,Own 32.2,2:37,2.47,2002
29,30,San Francisco 49ers,16,173,1118,37.6,9.2,6.5,32.9,Own 31.2,3:01,2.03,2002
30,31,Oakland Raiders,16,171,1102,42.7,9.4,6.4,36.4,Own 31.2,2:58,2.38,2002
31,32,New York Jets,16,169,948,36.1,10.7,5.6,29.8,Own 32.0,2:44,1.96,2002
0,1,Baltimore Ravens,16,217,1049,31.8,16.6,4.8,22.7,Own 35.0,2:16,1.6,2003
1,2,New England Patriots,16,204,1076,27.9,11.3,5.3,24.6,Own 33.3,2:29,1.47,2003
2,3,Dallas Cowboys,16,203,1091,25.1,13.8,5.4,25.2,Own 30.4,2:35,1.31,2003
3,4,Atlanta Falcons,16,201,957,24.9,12.9,4.8,21.6,Own 29.7,2:13,1.36,2003
4,5,St. Louis Rams,16,197,1096,41.1,16.8,5.6,27.6,Own 34.1,2:36,2.09,2003
5,6,New York Giants,16,196,1075,21.4,18.4,5.5,25.1,Own 30.8,2:21,1.09,2003
6,7,Carolina Panthers,16,195,1046,30.8,14.9,5.4,26.3,Own 31.7,2:33,1.5,2003
7,8,San Francisco 49ers,16,194,1076,35.1,12.4,5.5,29.3,Own 34.0,2:34,1.92,2003
8,9,Green Bay Packers,16,192,1025,38.0,15.6,5.3,30.2,Own 32.3,2:35,2.18,2003
9,10,Pittsburgh Steelers,16,192,1052,27.1,13.5,5.5,24.9,Own 32.9,2:34,1.42,2003
10,11,Miami Dolphins,16,192,997,28.1,17.2,5.2,23.9,Own 32.1,2:31,1.51,2003
11,12,Washington Redskins,16,191,1024,28.3,13.6,5.4,24.5,Own 31.8,2:25,1.46,2003
12,13,San Diego Chargers,16,191,991,27.2,15.7,5.2,27.0,Own 30.9,2:21,1.59,2003
13,14,Detroit Lions,16,190,998,23.2,13.7,5.3,22.4,Own 32.4,2:23,1.16,2003
14,15,Oakland Raiders,16,189,1013,24.3,12.2,5.4,24.1,Own 31.0,2:23,1.24,2003
15,16,Kansas City Chiefs,16,188,1023,38.3,8.5,5.4,31.3,Own 32.3,2:31,2.34,2003
16,17,Houston Texans,16,188,920,24.5,13.8,4.9,22.9,Own 30.4,2:23,1.33,2003
17,18,Tampa Bay Buccaneers,16,188,1062,25.5,16.0,5.6,29.0,Own 29.8,2:45,1.45,2003
18,19,Tennessee Titans,16,188,1050,39.4,9.6,5.6,29.4,Own 34.1,2:48,2.07,2003
19,20,Philadelphia Eagles,16,187,973,34.2,10.2,5.2,26.9,Own 32.5,2:25,1.88,2003
20,21,Buffalo Bills,16,187,1004,21.9,17.6,5.4,23.0,Own 30.3,2:33,1.17,2003
21,22,New Orleans Saints,16,186,1050,31.2,14.5,5.6,29.1,Own 30.7,2:38,1.71,2003
22,23,Chicago Bears,16,186,1039,27.4,14.5,5.6,23.4,Own 33.0,2:33,1.36,2003
23,24,Arizona Cardinals,16,185,1007,22.2,18.4,5.4,24.1,Own 30.3,2:35,1.16,2003
24,25,Seattle Seahawks,16,185,1047,36.2,13.5,5.7,30.4,Own 32.2,2:29,2.06,2003
25,26,Minnesota Vikings,16,183,1081,35.5,13.1,5.9,34.3,Own 29.9,2:52,2.09,2003
26,27,Jacksonville Jaguars,16,183,1057,27.3,15.8,5.8,29.2,Own 29.5,2:38,1.48,2003
27,28,Denver Broncos,16,183,1079,36.6,12.0,5.9,30.6,Own 30.5,2:59,1.95,2003
28,29,Cleveland Browns,16,180,989,26.7,17.2,5.5,24.9,Own 30.2,2:37,1.36,2003
29,30,Cincinnati Bengals,16,180,1063,33.3,11.1,5.9,29.6,Own 29.0,2:45,1.84,2003
30,31,Indianapolis Colts,16,177,1078,46.3,10.2,6.1,33.2,Own 31.8,2:51,2.41,2003
31,32,New York Jets,16,170,968,32.4,11.8,5.7,29.0,Own 30.4,2:41,1.63,2003
0,1,Miami Dolphins,16,210,1047,22.9,18.6,5.0,21.0,Own 31.4,2:09,1.24,2004
1,2,Chicago Bears,16,207,992,16.4,16.4,4.8,18.3,Own 32.3,2:12,0.86,2004
2,3,Cincinnati Bengals,16,202,1036,31.7,15.8,5.1,25.4,Own 32.1,2:19,1.68,2004
3,4,San Francisco 49ers,16,200,1049,22.0,20.0,5.2,22.8,Own 28.7,2:21,1.18,2004
4,5,Arizona Cardinals,16,200,1077,25.5,13.5,5.4,22.7,Own 30.7,2:30,1.35,2004
5,6,Tennessee Titans,16,200,1080,29.0,15.0,5.4,27.4,Own 30.0,2:32,1.65,2004
6,7,Washington Redskins,16,198,1050,21.7,13.1,5.3,22.1,Own 31.7,2:32,1.14,2004
7,8,Cleveland Browns,16,198,950,25.8,18.2,4.8,22.3,Own 32.6,2:17,1.32,2004
8,9,Tampa Bay Buccaneers,16,194,974,24.7,18.6,5.0,25.5,Own 30.1,2:27,1.42,2004
9,10,Seattle Seahawks,16,193,1060,32.6,14.0,5.5,29.2,Own 29.7,2:25,1.81,2004
10,11,New Orleans Saints,16,193,1016,30.1,13.0,5.3,26.8,Own 30.5,2:22,1.65,2004
11,12,Baltimore Ravens,16,192,1025,27.6,10.9,5.3,22.8,Own 34.2,2:29,1.33,2004
12,13,Philadelphia Eagles,16,192,993,35.9,10.9,5.2,29.2,Own 31.1,2:24,1.95,2004
13,14,Denver Broncos,16,191,1104,36.1,14.7,5.8,33.1,Own 29.0,2:44,1.92,2004
14,15,Detroit Lions,16,188,977,26.6,10.1,5.2,24.9,Own 29.7,2:24,1.35,2004
15,16,Buffalo Bills,16,187,1014,32.1,14.4,5.4,24.8,Own 36.2,2:36,1.73,2004
16,17,Dallas Cowboys,16,187,1030,28.3,19.3,5.5,27.7,Own 31.2,2:37,1.56,2004
17,18,Oakland Raiders,16,184,968,32.1,17.4,5.3,27.9,Own 30.4,2:20,1.7,2004
18,19,Atlanta Falcons,16,184,992,28.8,15.8,5.4,27.6,Own 31.1,2:33,1.63,2004
19,20,Kansas City Chiefs,16,182,1112,41.2,14.3,6.1,36.7,Own 31.2,2:50,2.51,2004
20,21,New York Giants,16,182,980,28.6,12.1,5.4,25.9,Own 32.3,2:32,1.52,2004
21,22,Green Bay Packers,16,182,1081,37.9,15.4,5.9,34.9,Own 28.6,2:41,2.13,2004
22,23,Carolina Panthers,16,182,1016,32.4,12.6,5.6,28.6,Own 31.8,2:38,1.83,2004
23,24,Pittsburgh Steelers,16,179,1047,35.8,11.7,5.8,28.9,Own 33.4,3:02,1.88,2004
24,25,San Diego Chargers,16,179,1022,40.8,8.9,5.7,30.9,Own 33.1,2:49,2.41,2004
25,26,New England Patriots,16,178,1069,42.1,14.6,6.0,32.1,Own 31.4,2:49,2.25,2004
26,27,Jacksonville Jaguars,16,178,1023,28.1,11.8,5.7,27.9,Own 28.7,2:45,1.43,2004
27,28,Houston Texans,16,177,1026,27.7,13.6,5.8,28.9,Own 30.6,2:44,1.55,2004
28,29,St. Louis Rams,16,175,1035,30.3,20.6,5.9,33.6,Own 26.0,2:54,1.69,2004
29,30,Indianapolis Colts,16,175,995,46.3,9.7,5.7,36.9,Own 31.0,2:38,2.78,2004
30,31,New York Jets,16,174,1025,33.3,8.6,5.9,31.2,Own 30.4,2:59,1.78,2004
31,32,Minnesota Vikings,16,167,1007,38.9,12.0,6.0,37.6,Own 27.3,2:54,2.29,2004
0,1,Philadelphia Eagles,16,218,1057,24.8,14.7,4.8,23.3,Own 30.4,2:06,1.33,2005
1,2,Miami Dolphins,16,202,1057,28.7,14.4,5.2,25.4,Own 31.5,2:10,1.51,2005
2,3,New York Giants,16,201,1097,37.8,11.4,5.5,28.7,Own 33.8,2:29,1.95,2005
3,4,San Francisco 49ers,16,196,894,21.9,16.3,4.6,18.2,Own 27.6,2:15,1.01,2005
4,5,Chicago Bears,16,195,969,22.6,12.8,5.0,21.0,Own 33.8,2:22,1.13,2005
5,6,St. Louis Rams,16,195,1056,32.3,18.5,5.4,28.5,Own 30.6,2:30,1.71,2005
6,7,Arizona Cardinals,16,194,1120,34.0,18.0,5.8,28.7,Own 29.5,2:35,1.49,2005
7,8,Dallas Cowboys,16,194,1099,28.9,15.5,5.7,26.7,Own 31.1,2:41,1.61,2005
8,9,Tennessee Titans,16,193,1050,26.4,13.5,5.4,26.5,Own 32.4,2:35,1.37,2005
9,10,Jacksonville Jaguars,16,193,1051,32.1,8.3,5.4,26.7,Own 34.3,2:38,1.77,2005
10,11,Washington Redskins,16,192,1058,29.7,13.0,5.5,27.5,Own 30.0,2:39,1.72,2005
11,12,Baltimore Ravens,16,191,1091,27.2,18.3,5.7,24.5,Own 30.0,2:34,1.28,2005
12,13,Minnesota Vikings,16,190,979,27.9,14.2,5.2,24.3,Own 31.6,2:25,1.43,2005
13,14,Tampa Bay Buccaneers,16,190,1012,27.4,11.6,5.3,24.8,Own 29.6,2:38,1.45,2005
14,15,Atlanta Falcons,16,190,1048,31.6,13.2,5.5,27.5,Own 30.3,2:34,1.71,2005
15,16,Carolina Panthers,16,190,998,35.8,12.6,5.3,26.1,Own 33.0,2:36,1.96,2005
16,17,Green Bay Packers,16,189,1078,27.0,22.2,5.7,26.8,Own 28.6,2:37,1.47,2005
17,18,Denver Broncos,16,186,1062,36.0,8.1,5.7,30.9,Own 31.8,2:49,2.01,2005
18,19,Seattle Seahawks,16,185,1045,38.9,8.1,5.6,31.9,Own 31.6,2:35,2.34,2005
19,20,New England Patriots,16,184,1056,34.8,13.0,5.7,30.6,Own 30.0,2:38,2.0,2005
20,21,Kansas City Chiefs,16,183,1092,38.3,11.5,6.0,33.8,Own 30.6,2:48,2.09,2005
21,22,Pittsburgh Steelers,16,183,990,36.1,10.9,5.4,28.1,Own 33.2,2:46,2.0,2005
22,23,Oakland Raiders,16,183,1028,28.4,11.5,5.6,27.0,Own 29.3,2:27,1.55,2005
23,24,New Orleans Saints,16,182,1051,26.4,20.3,5.8,27.6,Own 28.5,2:41,1.3,2005
24,25,Detroit Lions,16,179,979,24.6,15.6,5.5,24.2,Own 30.5,2:38,1.3,2005
25,26,Cincinnati Bengals,16,179,1050,41.9,11.2,5.9,32.0,Own 34.3,2:45,2.31,2005
26,27,Cleveland Browns,16,178,967,25.8,16.9,5.4,25.4,Own 30.5,2:31,1.2,2005
27,28,San Diego Chargers,16,178,1046,39.3,13.5,5.9,31.3,Own 29.9,2:50,2.28,2005
28,29,Buffalo Bills,16,177,965,29.9,14.1,5.5,23.1,Own 33.8,2:37,1.44,2005
29,30,Houston Texans,16,173,988,28.9,12.7,5.7,23.3,Own 32.6,2:39,1.42,2005
30,31,New York Jets,16,168,935,25.6,16.7,5.6,23.3,Own 31.5,2:33,1.27,2005
31,32,Indianapolis Colts,16,165,1026,43.6,9.1,6.2,35.1,Own 31.2,2:57,2.5,2005
0,1,Chicago Bears,16,201,1078,34.8,15.9,5.4,25.8,Own 32.6,2:28,1.8,2006
1,2,Green Bay Packers,16,199,1120,26.6,16.1,5.6,27.3,Own 30.4,2:28,1.34,2006
2,3,Carolina Panthers,16,197,1021,25.4,12.7,5.2,25.0,Own 27.1,2:28,1.29,2006
3,4,Minnesota Vikings,16,197,1050,23.9,15.7,5.3,25.1,Own 29.9,2:35,1.24,2006
4,5,Seattle Seahawks,16,197,1076,29.9,17.3,5.5,25.3,Own 31.1,2:25,1.59,2006
5,6,Baltimore Ravens,16,192,1047,31.3,11.5,5.5,26.2,Own 33.5,2:44,1.6,2006
6,7,Denver Broncos,16,192,1002,30.7,14.6,5.2,25.7,Own 27.0,2:32,1.59,2006
7,8,New York Giants,16,190,1031,32.6,13.7,5.4,27.5,Own 32.2,2:31,1.8,2006
8,9,New Orleans Saints,16,190,1101,36.8,12.1,5.8,33.0,Own 29.2,2:41,2.09,2006
9,10,Miami Dolphins,16,190,1070,25.8,12.6,5.6,26.0,Own 31.5,2:32,1.26,2006
10,11,San Diego Chargers,16,190,1045,43.2,6.8,5.5,30.6,Own 32.1,2:40,2.47,2006
11,12,Tampa Bay Buccaneers,16,190,994,19.5,16.3,5.2,22.7,Own 29.0,2:24,1.01,2006
12,13,San Francisco 49ers,16,189,953,30.2,15.3,5.0,25.7,Own 30.0,2:27,1.5,2006
13,14,New England Patriots,16,189,1081,34.4,13.8,5.7,28.5,Own 32.6,2:40,1.98,2006
14,15,Pittsburgh Steelers,16,188,1068,31.4,18.1,5.7,30.3,Own 28.0,2:41,1.77,2006
15,16,Jacksonville Jaguars,16,188,1021,35.1,11.2,5.4,28.8,Own 33.2,2:45,1.9,2006
16,17,Cleveland Browns,16,188,968,22.9,21.3,5.1,22.5,Own 31.3,2:31,1.15,2006
17,18,Cincinnati Bengals,16,188,1025,35.6,12.2,5.5,29.0,Own 31.0,2:26,1.96,2006
18,19,Tennessee Titans,16,187,973,26.7,13.9,5.2,25.6,Own 30.0,2:21,1.4,2006
19,20,Buffalo Bills,16,186,923,27.4,15.1,5.0,22.8,Own 31.2,2:25,1.42,2006
20,21,Detroit Lions,16,185,996,31.9,21.1,5.4,26.7,Own 29.7,2:24,1.61,2006
21,22,Atlanta Falcons,16,184,1032,28.8,10.9,5.6,28.8,Own 30.3,2:37,1.52,2006
22,23,Philadelphia Eagles,16,183,1011,33.9,11.5,5.5,33.2,Own 30.0,2:32,1.98,2006
23,24,St. Louis Rams,16,183,1102,37.7,8.7,6.0,31.4,Own 28.1,2:44,1.94,2006
24,25,Kansas City Chiefs,16,182,1035,32.4,12.6,5.7,28.0,Own 31.8,2:41,1.74,2006
25,26,Oakland Raiders,16,180,974,16.7,25.0,5.4,21.6,Own 30.9,2:30,0.77,2006
26,27,Washington Redskins,16,179,1009,30.2,9.5,5.6,29.2,Own 29.1,2:42,1.62,2006
27,28,Arizona Cardinals,16,177,1036,32.2,15.3,5.9,28.1,Own 29.8,2:43,1.62,2006
28,29,New York Jets,16,176,1041,31.8,13.6,5.9,27.7,Own 30.8,2:49,1.68,2006
29,30,Dallas Cowboys,16,176,1043,38.1,15.3,5.9,32.6,Own 31.7,2:49,2.21,2006
30,31,Houston Texans,16,169,980,27.2,13.6,5.8,26.4,Own 28.0,2:47,1.46,2006
31,32,Indianapolis Colts,16,156,1040,47.4,10.9,6.7,38.9,Own 28.8,3:02,2.65,2006
0,1,Chicago Bears,16,205,1071,27.8,15.1,5.2,22.8,Own 34.5,2:13,1.34,2007
1,2,San Francisco 49ers,16,203,944,19.7,15.8,4.7,18.6,Own 32.3,2:08,1.04,2007
2,3,Seattle Seahawks,16,202,1090,33.2,11.4,5.4,27.5,Own 31.7,2:22,1.77,2007
3,4,Arizona Cardinals,16,197,1046,32.0,18.3,5.3,27.6,Own 32.5,2:29,1.81,2007
4,5,Atlanta Falcons,16,194,1021,26.3,12.4,5.3,24.7,Own 31.0,2:22,1.3,2007
5,6,Kansas City Chiefs,16,194,1028,21.6,15.5,5.3,22.8,Own 28.1,2:29,1.12,2007
6,7,Washington Redskins,16,193,1087,32.1,15.0,5.6,27.4,Own 32.0,2:35,1.65,2007
7,8,St. Louis Rams,16,193,1059,24.9,18.7,5.5,24.6,Own 28.4,2:30,1.24,2007
8,9,Cleveland Browns,16,192,1034,35.4,14.6,5.4,29.2,Own 33.2,2:27,1.94,2007
9,10,San Diego Chargers,16,191,1008,34.0,12.6,5.3,26.4,Own 31.8,2:31,1.88,2007
10,11,Oakland Raiders,16,191,1032,26.7,17.3,5.4,24.6,Own 29.6,2:38,1.39,2007
11,12,Minnesota Vikings,16,190,988,28.4,15.3,5.2,28.2,Own 27.7,2:29,1.57,2007
12,13,Green Bay Packers,16,190,1024,38.9,12.1,5.4,31.0,Own 31.5,2:33,2.07,2007
13,14,Carolina Panthers,16,189,1017,26.5,13.8,5.4,23.9,Own 28.7,2:26,1.34,2007
14,15,Detroit Lions,16,189,1000,32.3,18.5,5.3,27.3,Own 29.7,2:21,1.65,2007
15,16,New York Giants,16,189,1068,32.3,17.5,5.7,28.1,Own 31.5,2:39,1.77,2007
16,17,Tennessee Titans,16,189,1076,32.3,16.9,5.7,26.3,Own 32.5,2:42,1.52,2007
17,18,Baltimore Ravens,16,186,1076,27.4,18.3,5.8,25.9,Own 29.5,2:41,1.34,2007
18,19,Tampa Bay Buccaneers,16,185,1008,33.0,9.7,5.4,28.2,Own 33.1,2:38,1.7,2007
19,20,Philadelphia Eagles,16,182,1079,34.1,13.2,5.9,31.5,Own 29.2,2:43,1.86,2007
20,21,Dallas Cowboys,16,182,1006,41.8,12.6,5.5,32.1,Own 31.9,2:41,2.35,2007
21,22,New Orleans Saints,16,180,1082,31.7,16.1,6.0,32.1,Own 28.5,2:46,1.88,2007
22,23,Buffalo Bills,16,177,946,24.9,11.9,5.3,24.8,Own 30.4,2:36,1.2,2007
23,24,Cincinnati Bengals,16,177,1042,37.9,15.3,5.9,31.4,Own 31.1,2:39,1.95,2007
24,25,Denver Broncos,16,177,1007,32.8,14.7,5.7,31.1,Own 28.0,2:40,1.68,2007
25,26,Pittsburgh Steelers,16,175,1025,37.7,11.4,5.9,29.8,Own 32.4,3:04,2.11,2007
26,27,Miami Dolphins,16,175,1012,26.9,16.0,5.8,26.0,Own 27.7,2:42,1.4,2007
27,28,Houston Texans,16,172,998,35.5,20.9,5.8,30.8,Own 29.6,2:45,1.9,2007
28,29,New York Jets,16,171,1048,29.2,14.0,6.1,27.5,Own 30.3,2:43,1.37,2007
29,30,Jacksonville Jaguars,16,169,1047,39.6,10.1,6.2,33.8,Own 30.2,3:02,2.28,2007
30,31,New England Patriots,16,167,1082,52.7,7.8,6.5,39.3,Own 32.3,3:07,3.19,2007
31,32,Indianapolis Colts,16,166,1049,44.6,11.4,6.3,34.6,Own 31.8,2:52,2.57,2007
0,1,Chicago Bears,16,203,1021,30.5,11.3,5.0,23.3,Own 33.4,2:15,1.63,2008
1,2,Philadelphia Eagles,16,200,1096,35.5,11.5,5.5,28.0,Own 31.2,2:31,1.83,2008
2,3,Baltimore Ravens,16,194,1093,33.0,10.8,5.6,26.6,Own 32.3,2:45,1.73,2008
3,4,Carolina Panthers,16,192,969,38.0,9.9,5.0,29.2,Own 31.8,2:27,2.08,2008
4,5,Tennessee Titans,16,191,1006,34.6,8.9,5.3,26.1,Own 32.4,2:27,1.81,2008
5,6,Dallas Cowboys,16,190,1001,32.1,16.3,5.3,28.9,Own 29.5,2:32,1.83,2008
6,7,Minnesota Vikings,16,190,1048,34.7,14.7,5.5,27.7,Own 29.3,2:38,1.82,2008
7,8,Pittsburgh Steelers,16,190,1046,32.6,12.6,5.5,26.1,Own 31.1,2:40,1.72,2008
8,9,St. Louis Rams,16,190,1018,26.3,16.3,5.4,24.2,Own 27.2,2:29,1.19,2008
9,10,Tampa Bay Buccaneers,16,189,1083,33.3,12.7,5.7,28.8,Own 32.4,2:43,1.66,2008
10,11,Oakland Raiders,16,187,949,24.6,11.8,5.1,23.0,Own 30.3,2:26,1.21,2008
11,12,Detroit Lions,16,187,936,26.2,15.0,5.0,22.9,Own 27.9,2:19,1.39,2008
12,13,Cincinnati Bengals,16,186,1010,21.0,13.4,5.4,21.0,Own 30.1,2:31,0.99,2008
13,14,San Francisco 49ers,16,185,994,33.0,18.4,5.4,26.7,Own 29.2,2:33,1.68,2008
14,15,Green Bay Packers,16,179,1045,36.9,11.2,5.8,31.2,Own 28.2,2:50,1.98,2008
15,16,Washington Redskins,16,178,1062,29.2,9.6,6.0,28.7,Own 31.8,2:50,1.46,2008
16,17,New York Giants,16,178,1060,43.8,7.3,6.0,32.0,Own 32.3,3:00,2.26,2008
17,18,New Orleans Saints,16,178,1074,42.7,14.0,6.0,36.7,Own 29.9,2:44,2.49,2008
18,19,Kansas City Chiefs,16,178,979,27.0,12.4,5.5,27.6,Own 27.8,2:31,1.53,2008
19,20,Arizona Cardinals,16,178,1025,39.3,15.7,5.8,32.9,Own 30.8,2:43,2.19,2008
20,21,New York Jets,16,177,1010,37.3,16.9,5.7,29.8,Own 31.4,2:49,2.07,2008
21,22,Seattle Seahawks,16,176,955,29.5,13.6,5.4,25.0,Own 30.9,2:25,1.52,2008
22,23,Buffalo Bills,16,176,994,34.1,16.5,5.6,27.7,Own 32.1,2:44,1.7,2008
23,24,New England Patriots,16,174,1135,44.8,11.5,6.5,33.5,Own 33.3,2:59,2.31,2008
24,25,Miami Dolphins,16,174,990,33.9,6.9,5.7,31.6,Own 29.2,2:51,1.89,2008
25,26,Atlanta Falcons,16,174,1042,39.7,10.3,6.0,33.1,Own 30.6,2:52,2.11,2008
26,27,Houston Texans,16,173,1052,38.2,17.3,6.1,35.3,Own 29.8,2:58,2.0,2008
27,28,Jacksonville Jaguars,16,172,1030,29.7,12.8,6.0,29.7,Own 27.3,2:56,1.63,2008
28,29,Cleveland Browns,16,172,958,27.3,14.5,5.6,23.1,Own 29.8,2:34,1.22,2008
29,30,San Diego Chargers,16,170,956,43.5,10.6,5.6,32.8,Own 30.6,2:43,2.41,2008
30,31,Denver Broncos,16,167,1053,38.9,17.4,6.3,37.9,Own 26.0,2:45,2.13,2008
31,32,Indianapolis Colts,16,150,994,40.7,10.0,6.6,35.8,Own 28.2,3:03,2.31,2008
0,1,Kansas City Chiefs,16,202,1048,25.2,12.4,5.2,23.7,Own 28.5,2:13,1.27,2009
1,2,Arizona Cardinals,16,199,1004,30.7,17.1,5.0,27.6,Own 29.9,2:24,1.78,2009
2,3,New York Jets,16,198,1066,31.8,15.2,5.4,25.9,Own 32.4,2:36,1.62,2009
3,4,San Francisco 49ers,16,196,963,27.6,10.2,4.9,23.8,Own 29.1,2:26,1.54,2009
4,5,Tampa Bay Buccaneers,16,194,987,20.1,17.5,5.1,23.6,Own 30.4,2:22,1.08,2009
5,6,Seattle Seahawks,16,194,1071,26.3,15.5,5.5,25.8,Own 28.4,2:16,1.35,2009
6,7,Oakland Raiders,16,194,973,22.2,16.5,5.0,21.9,Own 27.1,2:20,1.02,2009
7,8,Detroit Lions,16,194,1065,23.7,20.1,5.5,24.6,Own 27.7,2:23,1.23,2009
8,9,Carolina Panthers,16,193,1051,29.0,15.0,5.4,27.4,Own 28.2,2:30,1.58,2009
9,10,Chicago Bears,16,193,999,29.5,16.6,5.2,25.7,Own 32.4,2:22,1.57,2009
10,11,Philadelphia Eagles,16,192,1012,38.0,10.4,5.3,29.8,Own 30.6,2:21,1.99,2009
11,12,Green Bay Packers,16,191,1078,40.3,7.9,5.6,31.7,Own 32.3,2:46,2.26,2009
12,13,Cleveland Browns,16,189,996,23.3,16.4,5.3,21.9,Own 30.5,2:27,1.14,2009
13,14,Denver Broncos,16,189,1067,31.7,11.6,5.6,28.9,Own 29.0,2:33,1.59,2009
14,15,Buffalo Bills,16,188,944,27.1,13.8,5.0,23.3,Own 30.3,2:24,1.3,2009
15,16,Minnesota Vikings,16,188,1082,42.0,9.0,5.8,32.2,Own 32.5,2:48,2.39,2009
16,17,Tennessee Titans,16,187,1022,33.2,15.0,5.5,29.9,Own 27.1,2:27,1.74,2009
17,18,Houston Texans,16,187,1075,33.7,15.0,5.7,32.8,Own 30.2,2:44,1.91,2009
18,19,New Orleans Saints,16,185,1060,41.6,13.5,5.7,34.9,Own 31.4,2:44,2.44,2009
19,20,New York Giants,16,183,1049,37.7,15.3,5.7,32.0,Own 30.5,2:46,2.05,2009
20,21,Pittsburgh Steelers,16,183,1045,35.5,12.6,5.7,32.4,Own 29.5,2:52,1.9,2009
21,22,Baltimore Ravens,16,183,1044,35.0,10.9,5.7,30.7,Own 31.8,2:35,1.99,2009
22,23,Miami Dolphins,16,181,1116,34.3,15.5,6.2,29.7,Own 28.4,2:50,1.85,2009
23,24,St. Louis Rams,16,181,1022,19.3,16.6,5.6,24.6,Own 28.1,2:35,0.93,2009
24,25,Dallas Cowboys,16,179,1051,33.5,9.5,5.9,35.7,Own 27.6,2:53,1.9,2009
25,26,New England Patriots,16,178,1107,41.0,12.4,6.2,35.7,Own 30.0,2:58,2.29,2009
26,27,Cincinnati Bengals,16,177,1039,29.9,13.0,5.9,27.8,Own 29.7,2:56,1.58,2009
27,28,Jacksonville Jaguars,16,176,1038,29.5,12.5,5.9,30.6,Own 28.5,2:46,1.66,2009
28,29,Indianapolis Colts,16,174,1001,37.9,13.2,5.8,33.4,Own 28.0,2:33,2.29,2009
29,30,Washington Redskins,16,172,995,29.7,13.4,5.8,28.9,Own 28.7,2:42,1.56,2009
30,31,San Diego Chargers,16,170,1007,45.9,9.4,5.9,33.9,Own 30.8,2:49,2.46,2009
31,32,Atlanta Falcons,16,170,1077,35.3,13.5,6.3,32.1,Own 30.6,2:49,2.02,2009
0,1,New York Giants,16,207,1058,32.4,20.3,5.1,29.3,Own 31.0,2:31,1.9,2010
1,2,Washington Redskins,16,205,1037,26.3,14.6,5.1,26.0,Own 28.8,2:15,1.38,2010
2,3,Oakland Raiders,16,203,1080,34.5,11.8,5.3,27.9,Own 28.8,2:27,1.76,2010
3,4,St. Louis Rams,16,199,1092,30.2,9.5,5.5,24.3,Own 30.9,2:30,1.45,2010
4,5,New York Jets,16,199,1126,32.2,10.6,5.7,28.2,Own 32.8,2:37,1.65,2010
5,6,Chicago Bears,16,198,966,29.3,15.7,4.9,23.4,Own 33.7,2:23,1.55,2010
6,7,Carolina Panthers,16,197,991,20.8,17.8,5.0,20.7,Own 28.7,2:14,0.95,2010
7,8,Seattle Seahawks,16,196,994,26.5,14.8,5.1,24.2,Own 30.8,2:15,1.35,2010
8,9,Denver Broncos,16,196,1043,30.6,11.7,5.3,28.4,Own 27.5,2:18,1.69,2010
9,10,Philadelphia Eagles,16,196,1076,39.8,11.7,5.5,31.8,Own 31.6,2:33,2.13,2010
10,11,Detroit Lions,16,193,1094,32.1,12.4,5.7,28.1,Own 29.3,2:28,1.73,2010
11,12,Kansas City Chiefs,16,192,1089,31.3,6.8,5.7,29.1,Own 30.5,2:38,1.77,2010
12,13,Cincinnati Bengals,16,190,1077,30.5,16.3,5.7,27.9,Own 31.2,2:38,1.63,2010
13,14,San Francisco 49ers,16,190,972,26.8,11.1,5.1,26.2,Own 28.5,2:25,1.42,2010
14,15,Arizona Cardinals,16,190,958,23.7,15.8,5.0,22.7,Own 29.7,2:13,1.15,2010
15,16,Baltimore Ravens,16,189,1047,32.8,9.5,5.5,27.2,Own 29.8,2:39,1.75,2010
16,17,Minnesota Vikings,16,189,1000,24.9,19.0,5.3,26.4,Own 30.2,2:34,1.38,2010
17,18,San Diego Chargers,16,186,1072,40.3,14.5,5.8,33.9,Own 28.6,2:51,2.24,2010
18,19,Miami Dolphins,16,185,1081,29.7,15.7,5.8,27.7,Own 28.6,2:40,1.43,2010
19,20,Tennessee Titans,16,184,933,33.2,14.7,5.1,26.0,Own 31.5,2:16,1.8,2010
20,21,Green Bay Packers,16,183,1028,35.0,10.9,5.6,31.3,Own 29.8,2:48,1.97,2010
21,22,Dallas Cowboys,16,182,1067,34.6,14.8,5.9,31.8,Own 28.8,2:46,1.9,2010
22,23,Buffalo Bills,16,182,975,25.3,19.2,5.4,26.8,Own 29.2,2:31,1.42,2010
23,24,Pittsburgh Steelers,16,179,1031,36.9,9.5,5.8,30.8,Own 31.5,2:54,1.93,2010
24,25,Houston Texans,16,179,1059,39.7,10.1,5.9,34.5,Own 25.6,2:38,2.17,2010
25,26,Indianapolis Colts,16,179,1116,40.2,13.4,6.2,34.0,Own 27.5,2:40,2.23,2010
26,27,Atlanta Falcons,16,178,1128,39.3,9.0,6.3,30.7,Own 31.1,2:57,2.12,2010
27,28,Jacksonville Jaguars,16,177,1047,35.0,16.9,5.9,30.7,Own 30.2,2:53,1.95,2010
28,29,Cleveland Browns,16,177,955,27.7,15.8,5.4,26.1,Own 29.8,2:34,1.42,2010
29,30,New Orleans Saints,16,174,1098,38.5,16.7,6.3,34.2,Own 29.2,2:57,2.12,2010
30,31,Tampa Bay Buccaneers,16,172,983,33.7,9.3,5.7,31.2,Own 28.9,2:52,1.83,2010
31,32,New England Patriots,16,166,1011,47.0,5.4,6.1,35.0,Own 32.1,2:50,2.76,2010
0,1,Denver Broncos,16,204,1043,24.5,14.2,5.1,24.8,Own 26.7,2:20,1.34,2011
1,2,New York Jets,16,203,1055,29.6,13.8,5.2,24.4,Own 30.9,2:26,1.69,2011
2,3,New York Giants,16,200,1052,32.5,11.5,5.3,30.7,Own 26.4,2:22,1.9,2011
3,4,Chicago Bears,16,199,1010,28.6,14.6,5.1,25.2,Own 27.0,2:27,1.44,2011
4,5,Arizona Cardinals,16,199,1017,26.1,15.6,5.1,26.0,Own 25.6,2:18,1.45,2011
5,6,Seattle Seahawks,16,198,1033,27.8,11.6,5.2,24.4,Own 31.3,2:18,1.44,2011
6,7,Cincinnati Bengals,16,197,1053,32.5,9.6,5.3,26.0,Own 30.1,2:28,1.6,2011
7,8,Detroit Lions,16,197,1087,37.6,10.7,5.5,32.2,Own 28.7,2:27,2.14,2011
8,9,St. Louis Rams,16,196,1041,18.9,11.2,5.3,23.0,Own 26.4,2:18,0.89,2011
9,10,Miami Dolphins,16,195,1029,32.8,12.8,5.3,25.9,Own 29.5,2:31,1.62,2011
10,11,Jacksonville Jaguars,16,194,1027,22.7,11.3,5.3,20.8,Own 28.8,2:29,1.11,2011
11,12,Oakland Raiders,16,193,1050,34.7,15.5,5.4,31.4,Own 27.2,2:29,1.79,2011
12,13,San Francisco 49ers,16,192,1045,39.6,5.2,5.4,25.9,Own 33.5,2:41,1.85,2011
13,14,Houston Texans,16,191,1084,37.2,10.5,5.7,31.1,Own 30.3,2:44,1.93,2011
14,15,Philadelphia Eagles,16,190,1063,34.7,17.9,5.6,33.7,Own 28.7,2:38,1.93,2011
15,16,Buffalo Bills,16,189,1023,31.2,15.9,5.4,29.8,Own 26.2,2:33,1.7,2011
16,17,Minnesota Vikings,16,189,1035,31.7,13.2,5.5,27.9,Own 29.1,2:26,1.76,2011
17,18,Kansas City Chiefs,16,189,1051,22.2,12.7,5.6,26.3,Own 24.6,2:30,1.05,2011
18,19,Tennessee Titans,16,188,1016,31.4,11.7,5.4,28.5,Own 27.4,2:22,1.58,2011
19,20,Washington Redskins,16,188,1073,30.9,18.6,5.7,28.6,Own 29.1,2:35,1.5,2011
20,21,Atlanta Falcons,16,187,1102,37.4,10.7,5.9,32.2,Own 28.5,2:46,2.04,2011
21,22,Indianapolis Colts,16,186,978,24.2,15.6,5.3,24.6,Own 23.5,2:15,1.2,2011
22,23,Baltimore Ravens,16,186,1075,35.5,11.8,5.8,29.1,Own 28.9,2:38,1.84,2011
23,24,Dallas Cowboys,16,185,1054,37.8,11.4,5.7,32.4,Own 29.0,2:43,1.96,2011
24,25,Tampa Bay Buccaneers,16,181,994,28.7,20.4,5.5,28.0,Own 27.0,2:34,1.44,2011
25,26,New England Patriots,16,180,1115,47.2,8.3,6.2,37.9,Own 29.3,2:33,2.68,2011
26,27,Green Bay Packers,16,180,1016,48.3,6.1,5.6,36.0,Own 30.8,2:42,2.85,2011
27,28,Cleveland Browns,16,180,1053,24.4,10.0,5.9,25.6,Own 27.1,2:36,1.18,2011
28,29,Carolina Panthers,16,179,1027,38.5,12.8,5.7,34.8,Own 27.9,2:42,2.21,2011
29,30,New Orleans Saints,16,175,1151,51.4,10.9,6.6,42.6,Own 28.2,2:55,2.96,2011
30,31,San Diego Chargers,16,172,1083,41.3,16.3,6.3,36.6,Own 27.9,3:01,2.24,2011
31,32,Pittsburgh Steelers,16,168,1046,33.9,16.7,6.2,35.4,Own 26.8,3:06,1.83,2011
0,1,Arizona Cardinals,16,209,1046,22.0,14.8,5.0,20.1,Own 30.4,2:15,1.06,2012
1,2,Houston Texans,16,202,1128,35.6,8.4,5.6,29.5,Own 27.0,2:40,1.88,2012
2,3,Detroit Lions,16,197,1196,36.0,15.2,6.1,33.2,Own 25.1,2:36,1.87,2012
3,4,Jacksonville Jaguars,16,196,1022,25.5,12.8,5.2,24.4,Own 26.6,2:17,1.28,2012
4,5,Chicago Bears,16,195,1032,30.3,11.8,5.3,25.4,Own 31.1,2:37,1.56,2012
5,6,Cincinnati Bengals,16,195,1052,35.4,12.8,5.4,27.2,Own 31.2,2:30,1.86,2012
6,7,New York Jets,16,194,1061,24.2,17.5,5.5,24.6,Own 27.8,2:31,1.26,2012
7,8,Tampa Bay Buccaneers,16,193,1041,35.2,10.9,5.4,30.1,Own 29.0,2:31,1.89,2012
8,9,Baltimore Ravens,16,193,1075,35.8,7.8,5.6,29.2,Own 27.0,2:22,1.88,2012
9,10,Cleveland Browns,16,191,1029,29.8,12.0,5.4,26.2,Own 29.0,2:22,1.48,2012
10,11,Buffalo Bills,16,190,1007,30.0,17.4,5.3,28.8,Own 27.3,2:32,1.66,2012
11,12,New Orleans Saints,16,190,1089,37.4,12.1,5.7,34.7,Own 24.2,2:26,2.24,2012
12,13,Tennessee Titans,16,188,988,27.7,14.9,5.3,26.6,Own 25.4,2:21,1.4,2012
13,14,Denver Broncos,16,188,1122,39.9,12.2,6.0,33.9,Own 29.1,2:40,2.24,2012
14,15,Oakland Raiders,16,188,1066,31.4,12.8,5.7,29.0,Own 26.0,2:31,1.54,2012
15,16,Green Bay Packers,16,186,1075,37.6,8.1,5.8,30.9,Own 31.2,2:37,2.18,2012
16,17,Kansas City Chiefs,16,186,1049,24.2,18.8,5.6,27.4,Own 26.4,2:37,1.09,2012
17,18,Miami Dolphins,16,186,1011,27.4,12.9,5.4,26.8,Own 25.3,2:30,1.42,2012
18,19,Pittsburgh Steelers,16,186,1054,33.9,15.6,5.7,28.6,Own 26.8,2:46,1.77,2012
19,20,New England Patriots,16,185,1226,48.1,8.1,6.6,37.0,Own 28.4,2:40,2.74,2012
20,21,Philadelphia Eagles,16,184,1110,29.9,17.9,6.0,30.4,Own 25.6,2:35,1.51,2012
21,22,Washington Redskins,16,183,1024,39.3,7.7,5.6,33.6,Own 27.5,2:44,2.23,2012
22,23,Minnesota Vikings,16,182,1039,37.9,12.6,5.7,29.5,Own 27.4,2:32,1.88,2012
23,24,St. Louis Rams,16,182,1033,27.5,11.0,5.7,28.9,Own 24.4,2:37,1.42,2012
24,25,Dallas Cowboys,16,180,1080,36.7,15.0,6.0,33.2,Own 27.2,2:45,1.92,2012
25,26,Indianapolis Colts,16,180,1142,33.3,13.9,6.3,32.2,Own 24.8,2:44,1.76,2012
26,27,San Diego Chargers,16,180,1015,30.6,13.9,5.6,26.4,Own 28.9,2:49,1.58,2012
27,28,San Francisco 49ers,16,178,1011,39.3,7.9,5.7,32.5,Own 31.8,2:51,2.1,2012
28,29,New York Giants,16,176,1007,43.8,11.9,5.7,32.3,Own 31.4,2:39,2.31,2012
29,30,Carolina Panthers,16,175,1009,32.6,10.3,5.8,32.9,Own 25.8,2:44,1.91,2012
30,31,Atlanta Falcons,16,175,1059,44.0,10.3,6.1,33.7,Own 29.0,2:49,2.33,2012
31,32,Seattle Seahawks,16,170,1001,39.4,10.0,5.9,32.9,Own 29.4,3:00,2.19,2012
0,1,Buffalo Bills,16,214,1152,29.9,12.1,5.4,25.2,Own 26.8,2:09,1.48,2013
1,2,Baltimore Ravens,16,207,1131,30.9,13.5,5.5,23.7,Own 29.1,2:21,1.43,2013
2,3,New York Giants,16,204,1014,25.5,20.1,5.0,23.9,Own 27.1,2:18,1.33,2013
3,4,Denver Broncos,16,202,1182,47.5,10.4,5.9,36.2,Own 28.3,2:25,2.83,2013
4,5,Philadelphia Eagles,16,201,1082,36.8,9.0,5.4,33.1,Own 27.9,2:06,2.12,2013
5,6,Cincinnati Bengals,16,201,1119,32.3,14.9,5.6,29.2,Own 26.9,2:37,1.91,2013
6,7,New England Patriots,16,201,1179,40.8,10.0,5.9,30.6,Own 30.0,2:25,2.1,2013
7,8,Houston Texans,16,201,1124,25.9,14.9,5.6,27.6,Own 25.8,2:30,1.29,2013
8,9,Arizona Cardinals,16,200,1073,33.0,15.5,5.4,27.7,Own 28.9,2:29,1.71,2013
9,10,Washington Redskins,16,199,1133,27.6,16.6,5.7,29.5,Own 25.3,2:29,1.51,2013
10,11,Kansas City Chiefs,16,197,1057,32.0,9.1,5.4,27.3,Own 33.4,2:31,1.79,2013
11,12,New York Jets,16,196,1056,29.6,14.8,5.4,25.8,Own 26.0,2:28,1.4,2013
12,13,Detroit Lions,16,196,1126,32.1,17.3,5.7,31.8,Own 27.1,2:38,1.86,2013
13,14,Jacksonville Jaguars,16,195,1045,23.6,13.8,5.4,24.0,Own 28.2,2:15,1.18,2013
14,15,Minnesota Vikings,16,195,1043,34.4,14.9,5.3,28.3,Own 28.1,2:20,1.87,2013
15,16,Cleveland Browns,16,195,1104,26.2,13.8,5.7,27.8,Own 26.4,2:21,1.4,2013
16,17,Miami Dolphins,16,194,1035,29.9,13.4,5.3,25.6,Own 27.9,2:22,1.56,2013
17,18,Oakland Raiders,16,194,1030,27.8,14.9,5.3,27.4,Own 26.5,2:28,1.52,2013
18,19,Pittsburgh Steelers,16,189,1055,35.4,12.7,5.6,28.6,Own 29.8,2:37,1.85,2013
19,20,Tampa Bay Buccaneers,16,188,1010,27.1,9.6,5.4,23.4,Own 26.8,2:31,1.41,2013
20,21,San Francisco 49ers,16,188,997,37.8,9.0,5.3,27.5,Own 31.6,2:36,1.96,2013
21,22,Indianapolis Colts,16,188,1063,38.8,6.9,5.7,29.1,Own 28.0,2:32,1.97,2013
22,23,Green Bay Packers,16,186,1111,40.9,12.4,6.0,34.5,Own 28.2,2:39,2.15,2013
23,24,Tennessee Titans,16,184,1061,34.2,11.4,5.8,29.1,Own 27.9,2:38,1.85,2013
24,25,St. Louis Rams,16,184,996,31.5,11.4,5.4,26.5,Own 26.3,2:32,1.64,2013
25,26,Dallas Cowboys,16,183,987,39.9,9.8,5.4,29.7,Own 29.7,2:32,2.18,2013
26,27,Chicago Bears,16,182,1042,39.0,12.1,5.7,33.5,Own 28.5,2:44,2.16,2013
27,28,Seattle Seahawks,16,182,1008,40.7,9.3,5.5,29.7,Own 31.0,2:41,2.12,2013
28,29,New Orleans Saints,16,181,1111,40.3,8.3,6.1,35.3,Own 27.8,2:53,2.29,2013
29,30,Atlanta Falcons,16,179,1051,34.1,14.5,5.9,30.7,Own 26.2,2:43,1.85,2013
30,31,Carolina Panthers,16,170,1026,36.5,9.4,6.0,29.8,Own 29.4,3:00,1.99,2013
31,32,San Diego Chargers,16,167,1097,44.9,11.4,6.6,37.7,Own 27.3,3:13,2.33,2013
0,1,Indianapolis Colts,16,205,1136,39.5,14.6,5.5,31.6,Own 28.7,2:29,2.18,2014
1,2,Philadelphia Eagles,16,203,1163,36.9,17.2,5.7,31.1,Own 30.0,2:06,1.96,2014
2,3,Oakland Raiders,16,198,1016,22.7,13.6,5.1,22.6,Own 24.2,2:17,1.21,2014
3,4,Denver Broncos,16,198,1096,39.9,9.6,5.5,32.6,Own 28.9,2:29,2.31,2014
4,5,Buffalo Bills,16,197,1058,32.5,11.2,5.4,25.8,Own 30.2,2:25,1.58,2014
5,6,Jacksonville Jaguars,16,195,1014,22.6,12.8,5.2,23.7,Own 25.7,2:14,1.17,2014
6,7,Houston Texans,16,194,1097,33.0,11.3,5.7,28.2,Own 27.7,2:34,1.69,2014
7,8,New York Giants,16,193,1112,34.7,12.4,5.8,30.3,Own 28.2,2:33,1.93,2014
8,9,Cleveland Browns,16,193,1042,28.0,10.9,5.4,26.8,Own 26.8,2:20,1.44,2014
9,10,Washington Redskins,16,192,1033,29.7,15.6,5.4,29.9,Own 25.1,2:34,1.58,2014
10,11,Tennessee Titans,16,191,941,23.6,12.6,4.9,25.3,Own 25.8,2:18,1.25,2014
11,12,Cincinnati Bengals,16,191,1051,34.0,13.1,5.5,29.1,Own 30.3,2:33,1.84,2014
12,13,St. Louis Rams,16,186,987,29.6,14.0,5.3,26.9,Own 28.0,2:31,1.55,2014
13,14,New York Jets,16,186,1091,31.7,11.8,5.9,28.0,Own 27.8,2:40,1.53,2014
14,15,Baltimore Ravens,16,182,1055,39.6,9.9,5.8,32.0,Own 28.7,2:36,2.13,2014
15,16,New England Patriots,16,181,1110,45.3,7.2,6.1,32.3,Own 30.6,2:37,2.4,2014
16,17,Miami Dolphins,16,181,1077,37.6,10.5,6.0,30.9,Own 31.1,2:40,1.99,2014
17,18,Arizona Cardinals,16,181,1026,30.9,9.4,5.7,28.3,Own 26.9,2:38,1.52,2014
18,19,Tampa Bay Buccaneers,16,180,960,26.7,17.2,5.3,25.8,Own 26.6,2:26,1.42,2014
19,20,Chicago Bears,16,180,1021,27.8,16.1,5.7,29.0,Own 25.9,2:41,1.68,2014
20,21,Dallas Cowboys,16,179,1043,43.6,12.8,5.8,34.1,Own 28.9,2:56,2.49,2014
21,22,Detroit Lions,16,179,1083,32.4,9.5,6.1,30.4,Own 29.9,2:50,1.71,2014
22,23,San Francisco 49ers,16,178,1040,30.9,11.8,5.8,29.4,Own 27.8,2:51,1.6,2014
23,24,Carolina Panthers,16,178,1095,34.8,11.8,6.2,31.0,Own 27.7,2:54,1.79,2014
24,25,Minnesota Vikings,16,176,1016,31.8,10.8,5.8,28.5,Own 27.3,2:37,1.64,2014
25,26,Atlanta Falcons,16,175,1067,38.9,13.1,6.1,34.6,Own 26.5,2:42,2.06,2014
26,27,Seattle Seahawks,16,175,1058,40.6,6.9,6.0,34.2,Own 30.5,2:58,2.13,2014
27,28,San Diego Chargers,16,174,1035,33.9,12.6,5.9,31.3,Own 26.4,2:51,1.87,2014
28,29,Pittsburgh Steelers,16,174,1100,41.4,11.5,6.3,37.5,Own 25.7,2:59,2.23,2014
29,30,New Orleans Saints,16,174,1117,39.1,16.7,6.4,37.7,Own 25.5,2:49,2.3,2014
30,31,Kansas City Chiefs,16,173,992,35.8,9.2,5.7,29.4,Own 29.3,2:46,1.93,2014
31,32,Green Bay Packers,16,169,1034,46.7,7.1,6.1,36.5,Own 28.5,2:53,2.63,2014
0,1,Houston Texans,16,204,1154,28.9,9.8,5.7,27.3,Own 25.5,2:25,1.57,2015
1,2,Philadelphia Eagles,16,203,1130,29.1,15.3,5.6,28.4,Own 26.4,2:03,1.62,2015
2,3,New York Jets,16,199,1107,35.7,11.6,5.6,29.6,Own 29.2,2:31,1.95,2015
3,4,Denver Broncos,16,199,1091,31.2,15.1,5.5,28.6,Own 25.9,2:27,1.58,2015
4,5,Carolina Panthers,16,198,1097,42.9,9.6,5.5,29.9,Own 30.7,2:35,2.4,2015
5,6,St. Louis Rams,16,196,951,24.5,10.2,4.9,24.3,Own 27.9,2:18,1.29,2015
6,7,Oakland Raiders,16,195,1034,31.8,10.3,5.3,27.3,Own 29.4,2:25,1.79,2015
7,8,Indianapolis Colts,16,194,1079,29.4,14.4,5.6,26.5,Own 26.8,2:29,1.54,2015
8,9,Jacksonville Jaguars,16,193,1042,34.2,14.0,5.4,28.6,Own 27.2,2:19,1.85,2015
9,10,Green Bay Packers,16,192,1085,33.3,8.9,5.7,27.8,Own 28.1,2:31,1.83,2015
10,11,New England Patriots,16,192,1086,43.2,5.7,5.7,31.2,Own 30.1,2:31,2.34,2015
11,12,Tennessee Titans,16,191,992,25.7,16.2,5.2,26.1,Own 27.0,2:29,1.5,2015
12,13,Pittsburgh Steelers,16,190,1053,40.5,13.7,5.5,33.3,Own 28.2,2:30,2.1,2015
13,14,Miami Dolphins,16,187,993,25.7,9.6,5.3,28.3,Own 26.0,2:21,1.52,2015
14,15,Arizona Cardinals,16,186,1073,42.5,11.8,5.8,35.1,Own 27.8,2:45,2.37,2015
15,16,Baltimore Ravens,16,186,1123,33.3,14.0,6.0,30.8,Own 27.1,2:38,1.62,2015
16,17,New York Giants,16,186,1085,38.2,11.3,5.8,32.0,Own 28.0,2:27,2.03,2015
17,18,Buffalo Bills,16,186,1043,34.9,8.6,5.6,31.0,Own 26.7,2:42,1.95,2015
18,19,Kansas City Chiefs,16,182,992,37.9,7.1,5.5,29.1,Own 31.3,2:43,1.99,2015
19,20,New Orleans Saints,16,182,1122,36.3,10.4,6.2,35.5,Own 26.4,2:45,2.14,2015
20,21,Cincinnati Bengals,16,182,1032,39.6,9.3,5.7,31.2,Own 30.1,2:45,2.26,2015
21,22,San Francisco 49ers,16,182,996,25.8,8.2,5.5,26.6,Own 23.7,2:21,1.28,2015
22,23,Washington Redskins,16,180,1041,36.1,11.1,5.8,31.5,Own 27.0,2:49,1.95,2015
23,24,Detroit Lions,16,179,1054,34.6,12.3,5.9,31.0,Own 25.6,2:49,1.93,2015
24,25,Chicago Bears,16,179,1064,37.4,11.2,5.9,30.7,Own 29.4,2:49,1.88,2015
25,26,Cleveland Browns,16,178,1074,29.8,15.2,6.0,29.8,Own 27.4,2:47,1.46,2015
26,27,San Diego Chargers,16,178,1132,33.7,12.4,6.4,33.4,Own 23.3,2:52,1.78,2015
27,28,Tampa Bay Buccaneers,16,176,1057,35.8,14.8,6.0,34.1,Own 26.2,2:38,1.85,2015
28,29,Seattle Seahawks,16,174,1066,42.0,8.6,6.1,34.6,Own 29.2,2:58,2.27,2015
29,30,Atlanta Falcons,16,174,1104,34.5,17.2,6.3,34.2,Own 27.0,2:58,1.84,2015
30,31,Minnesota Vikings,16,172,1012,38.4,9.3,5.9,29.9,Own 30.2,2:50,1.9,2015
31,32,Dallas Cowboys,16,172,1001,31.4,18.0,5.8,31.1,Own 24.5,2:54,1.5,2015
0,1,Denver Broncos,16,198,1055,30.3,11.6,5.3,26.1,Own 29.1,2:21,1.54,2016
1,2,Arizona Cardinals,16,197,1116,35.0,14.2,5.7,29.5,Own 29.7,2:31,2.03,2016
2,3,San Francisco 49ers,16,197,1021,27.4,10.7,5.2,25.0,Own 27.2,2:11,1.55,2016
3,4,Oakland Raiders,16,194,1083,38.7,7.2,5.6,30.7,Own 31.7,2:37,2.11,2016
4,5,Carolina Panthers,16,193,1089,34.7,14.0,5.6,28.5,Own 30.4,2:33,1.81,2016
5,6,Los Angeles Rams,16,193,987,21.8,14.5,5.1,21.7,Own 27.4,2:26,1.13,2016
6,7,New York Giants,16,193,1042,27.5,13.0,5.4,27.4,Own 27.6,2:21,1.49,2016
7,8,Baltimore Ravens,16,191,1118,35.6,10.5,5.9,29.1,Own 28.9,2:35,1.7,2016
8,9,Jacksonville Jaguars,16,191,1090,31.4,13.6,5.7,28.0,Own 26.6,2:27,1.63,2016
9,10,Miami Dolphins,16,189,938,30.7,11.1,5.0,28.0,Own 29.6,2:27,1.81,2016
10,11,New York Jets,16,185,1036,29.7,17.8,5.6,28.5,Own 27.5,2:39,1.5,2016
11,12,Seattle Seahawks,16,185,1044,37.3,9.7,5.6,30.8,Own 29.5,2:36,1.9,2016
12,13,Houston Texans,16,185,1113,31.4,11.4,6.0,27.2,Own 28.6,2:44,1.44,2016
13,14,Tennessee Titans,16,184,1035,36.4,9.8,5.6,31.0,Own 28.2,2:39,2.07,2016
14,15,Pittsburgh Steelers,16,182,1058,38.5,9.9,5.8,32.7,Own 27.3,2:42,2.16,2016
15,16,Tampa Bay Buccaneers,16,182,1095,32.4,14.8,6.0,30.3,Own 28.4,2:43,1.79,2016
16,17,New England Patriots,16,182,1095,42.9,4.9,6.0,33.9,Own 30.9,2:45,2.41,2016
17,18,New Orleans Saints,16,181,1137,45.9,12.7,6.3,37.8,Own 27.4,2:44,2.59,2016
18,19,San Diego Chargers,16,181,1050,38.1,18.2,5.8,31.4,Own 28.1,2:42,2.09,2016
19,20,Indianapolis Colts,16,180,1070,40.6,12.2,5.9,32.3,Own 28.3,2:45,2.24,2016
20,21,Cleveland Browns,16,180,1014,27.2,13.3,5.6,27.4,Own 23.4,2:31,1.44,2016
21,22,Kansas City Chiefs,16,178,1030,37.1,9.0,5.8,30.7,Own 30.5,2:45,1.9,2016
22,23,Philadelphia Eagles,16,178,1123,37.6,11.2,6.3,30.1,Own 30.3,2:55,1.85,2016
23,24,Buffalo Bills,16,177,1046,36.7,6.8,5.9,31.8,Own 28.9,2:42,2.14,2016
24,25,Green Bay Packers,16,176,1061,43.8,9.1,6.0,33.6,Own 29.6,2:50,2.47,2016
25,26,Cincinnati Bengals,16,176,1083,35.8,8.5,6.2,32.4,Own 26.8,2:45,1.87,2016
26,27,Washington Redskins,16,175,1052,43.4,11.4,6.0,36.9,Own 27.4,2:45,2.26,2016
27,28,Atlanta Falcons,16,175,1031,52.6,6.3,5.9,38.0,Own 29.3,2:47,2.9,2016
28,29,Minnesota Vikings,16,174,1037,32.8,7.5,6.0,28.9,Own 31.2,2:49,1.67,2016
29,30,Dallas Cowboys,16,173,1045,43.9,8.7,6.0,34.8,Own 28.8,2:57,2.45,2016
30,31,Chicago Bears,16,172,991,27.3,17.4,5.8,33.0,Own 25.5,2:37,1.49,2016
31,32,Detroit Lions,16,156,1015,41.0,9.0,6.5,34.8,Own 25.7,3:05,2.08,2016
0,1,Arizona Cardinals,16,202,1091,29.2,12.4,5.4,24.9,Own 29.7,2:28,1.41,2017
1,2,New York Jets,16,199,1019,28.6,11.1,5.1,24.5,Own 27.6,2:26,1.5,2017
2,3,Jacksonville Jaguars,16,199,1115,34.7,11.1,5.6,29.4,Own 29.2,2:36,1.82,2017
3,4,Seattle Seahawks,16,197,1039,30.5,8.6,5.3,26.8,Own 28.5,2:23,1.71,2017
4,5,New York Giants,16,194,1064,22.7,11.3,5.5,25.9,Own 26.7,2:22,1.22,2017
5,6,Denver Broncos,16,193,1106,26.4,16.6,5.7,26.9,Own 27.0,2:37,1.35,2017
6,7,Baltimore Ravens,16,192,1095,36.5,8.9,5.7,25.4,Own 32.8,2:34,1.84,2017
7,8,Houston Texans,16,192,1054,29.2,14.6,5.5,26.7,Own 25.3,2:30,1.63,2017
8,9,Washington Redskins,16,191,1012,31.9,12.6,5.3,27.0,Own 29.4,2:30,1.73,2017
9,10,Philadelphia Eagles,16,191,1109,40.3,9.4,5.8,30.5,Own 30.0,2:44,2.21,2017
10,11,Tennessee Titans,16,191,1017,35.1,12.6,5.3,26.3,Own 28.7,2:32,1.72,2017
11,12,Los Angeles Rams,16,190,1047,45.3,9.5,5.5,30.4,Own 32.9,2:32,2.33,2017
12,13,Miami Dolphins,16,190,1024,25.8,15.3,5.4,25.9,Own 28.1,2:29,1.36,2017
13,14,Cleveland Browns,16,186,1028,22.0,21.0,5.5,26.5,Own 26.5,2:26,1.22,2017
14,15,Minnesota Vikings,16,185,1094,38.9,7.6,5.9,30.9,Own 29.4,2:48,2.03,2017
15,16,Cincinnati Bengals,16,185,946,26.5,11.4,5.1,24.2,Own 27.9,2:22,1.46,2017
16,17,Detroit Lions,16,185,1017,37.3,11.9,5.5,29.1,Own 29.9,2:35,1.96,2017
17,18,San Francisco 49ers,16,184,1102,37.5,12.0,6.0,30.3,Own 27.6,2:33,1.78,2017
18,19,Buffalo Bills,16,180,1066,31.7,8.9,5.9,26.9,Own 28.2,2:31,1.57,2017
19,20,Indianapolis Colts,16,180,1030,29.4,8.3,5.7,25.2,Own 27.3,2:38,1.42,2017
20,21,Pittsburgh Steelers,16,179,1091,43.0,10.6,6.1,33.7,Own 29.3,2:52,2.23,2017
21,22,Carolina Panthers,16,179,1059,37.4,11.7,5.9,28.8,Own 30.0,2:53,1.97,2017
22,23,Oakland Raiders,16,178,978,29.2,15.2,5.5,29.1,Own 28.3,2:36,1.69,2017
23,24,Los Angeles Chargers,16,177,1052,33.3,8.5,5.9,34.1,Own 26.1,2:45,1.88,2017
24,25,Kansas City Chiefs,16,176,1032,44.9,6.3,5.9,34.0,Own 29.1,2:49,2.21,2017
25,26,New Orleans Saints,16,175,1044,44.6,9.1,6.0,35.6,Own 29.6,2:51,2.41,2017
26,27,Tampa Bay Buccaneers,16,175,1073,33.7,15.4,6.1,33.1,Own 27.6,2:43,1.79,2017
27,28,Green Bay Packers,16,174,1024,30.5,13.2,5.9,28.1,Own 26.5,2:41,1.79,2017
28,29,Chicago Bears,16,174,961,24.1,12.1,5.5,26.3,Own 27.1,2:41,1.32,2017
29,30,New England Patriots,16,174,1110,49.4,6.9,6.4,36.1,Own 28.5,2:49,2.61,2017
30,31,Dallas Cowboys,16,171,1041,36.3,11.1,6.1,31.1,Own 29.9,2:50,2.02,2017
31,32,Atlanta Falcons,16,165,1027,41.2,10.3,6.2,35.3,Own 25.9,2:54,2.06,2017
0,1,Cleveland Browns,16,202,1053,31.2,11.4,5.2,29.2,Own 28.5,2:20,1.81,2018
1,2,New York Jets,16,197,1015,32.0,14.7,5.2,24.2,Own 30.7,2:22,1.57,2018
2,3,Buffalo Bills,16,193,1056,26.4,15.5,5.5,24.6,Own 29.7,2:32,1.39,2018
3,4,Minnesota Vikings,16,188,1037,32.4,10.6,5.5,29.2,Own 30.3,2:31,1.8,2018
4,5,Arizona Cardinals,16,187,923,19.3,15.0,4.9,20.6,Own 28.0,2:16,1.09,2018
5,6,Denver Broncos,16,186,1048,30.6,11.3,5.6,30.1,Own 27.8,2:30,1.72,2018
6,7,Houston Texans,16,186,1086,40.3,8.1,5.8,31.1,Own 31.3,2:39,2.03,2018
7,8,Tampa Bay Buccaneers,16,184,1083,37.0,19.0,5.9,36.0,Own 26.2,2:39,2.15,2018
8,9,New England Patriots,16,184,1114,40.8,9.2,6.1,34.2,Own 29.9,2:42,2.27,2018
9,10,Miami Dolphins,16,184,905,28.3,12.5,4.9,25.0,Own 29.4,2:27,1.59,2018
10,11,Los Angeles Rams,16,183,1105,48.6,9.8,6.0,36.7,Own 30.4,2:41,2.66,2018
11,12,Chicago Bears,16,182,1049,36.8,13.2,5.8,30.1,Own 30.4,2:51,2.07,2018
12,13,Pittsburgh Steelers,16,182,1079,36.8,14.3,5.9,35.5,Own 26.0,2:44,2.23,2018
13,14,Indianapolis Colts,16,182,1100,41.2,13.2,6.0,33.9,Own 29.8,2:39,2.38,2018
14,15,San Francisco 49ers,16,181,1036,37.0,17.1,5.7,31.8,Own 26.2,2:39,1.86,2018
15,16,Seattle Seahawks,16,181,1044,39.8,6.1,5.8,31.1,Own 27.8,2:47,2.3,2018
16,17,Jacksonville Jaguars,16,180,1037,25.0,15.6,5.8,26.9,Own 27.0,2:41,1.24,2018
17,18,Green Bay Packers,16,178,1073,38.8,6.7,6.0,33.2,Own 27.5,2:42,2.04,2018
18,19,New York Giants,16,177,1024,38.4,9.6,5.8,32.2,Own 27.2,2:37,1.97,2018
19,20,Baltimore Ravens,16,177,1167,40.7,10.7,6.6,33.7,Own 29.5,2:58,2.06,2018
20,21,Philadelphia Eagles,16,176,1071,38.1,12.5,6.1,33.2,Own 28.4,2:58,2.07,2018
21,22,Oakland Raiders,16,176,1029,31.3,13.6,5.8,30.5,Own 26.8,2:49,1.57,2018
22,23,Detroit Lions,16,173,1061,35.3,11.0,6.1,30.3,Own 27.7,2:54,1.82,2018
23,24,Carolina Panthers,16,173,1033,37.0,12.1,6.0,34.5,Own 28.2,2:51,2.15,2018
24,25,Kansas City Chiefs,16,171,1030,52.6,10.5,6.0,39.8,Own 30.9,2:44,3.12,2018
25,26,Los Angeles Chargers,16,170,981,42.4,10.0,5.8,34.9,Own 28.7,2:53,2.4,2018
26,27,Washington Redskins,16,170,998,31.8,11.2,5.9,28.3,Own 28.6,2:47,1.61,2018
27,28,Dallas Cowboys,16,169,1059,37.9,10.1,6.3,32.5,Own 27.9,2:59,1.96,2018
28,29,New Orleans Saints,16,168,1034,51.8,9.5,6.2,36.1,Own 31.5,3:02,2.96,2018
29,30,Atlanta Falcons,16,168,1038,42.9,10.7,6.2,37.0,Own 26.3,2:49,2.4,2018
30,31,Tennessee Titans,16,166,972,34.9,10.2,5.9,30.0,Own 27.8,2:52,1.82,2018
31,32,Cincinnati Bengals,16,166,960,35.5,9.6,5.8,29.7,Own 29.0,2:39,2.03,2018
0,1,Tampa Bay Buccaneers,16,198,1121,37.9,20.2,5.7,32.1,Own 28.1,2:30,2.11,2019
1,2,Carolina Panthers,16,192,1108,32.3,16.7,5.8,28.5,Own 29.0,2:25,1.74,2019
2,3,New England Patriots,16,190,1129,36.3,7.4,5.9,29.8,Own 32.7,2:40,1.97,2019
3,4,New York Jets,16,189,984,23.3,11.6,5.2,22.9,Own 27.0,2:27,1.23,2019
4,5,Seattle Seahawks,16,189,1074,36.5,10.6,5.7,31.6,Own 30.2,2:40,2.07,2019
5,6,Philadelphia Eagles,16,187,1130,34.8,10.7,6.0,30.7,Own 28.5,2:50,1.96,2019
6,7,Pittsburgh Steelers,16,187,968,28.9,16.0,5.2,23.5,Own 29.5,2:28,1.4,2019
7,8,Buffalo Bills,16,186,1046,30.1,10.2,5.6,28.5,Own 28.9,2:35,1.63,2019
8,9,New York Giants,16,185,1029,28.6,17.8,5.6,29.2,Own 26.9,2:29,1.75,2019
9,10,Tennessee Titans,16,185,967,31.4,8.6,5.2,31.4,Own 27.5,2:28,2.02,2019
10,11,Los Angeles Rams,16,185,1088,35.7,13.0,5.9,32.3,Own 28.3,2:31,1.98,2019
11,12,Detroit Lions,16,183,1052,33.3,12.0,5.7,30.3,Own 28.6,2:33,1.77,2019
12,13,San Francisco 49ers,16,183,1051,44.3,12.0,5.7,33.1,Own 32.1,2:46,2.44,2019
13,14,Cleveland Browns,16,183,1002,33.9,14.8,5.5,29.7,Own 29.3,2:36,1.83,2019
14,15,Miami Dolphins,16,182,1052,30.2,13.7,5.8,27.1,Own 27.7,2:32,1.61,2019
15,16,Cincinnati Bengals,16,181,1080,29.8,15.5,6.0,28.5,Own 28.0,2:37,1.49,2019
16,17,Arizona Cardinals,16,178,1035,38.8,10.1,5.8,30.6,Own 27.7,2:29,2.02,2019
17,18,Green Bay Packers,16,177,1044,37.3,6.8,5.9,31.2,Own 34.1,2:51,2.11,2019
18,19,Jacksonville Jaguars,16,177,1054,33.9,10.2,6.0,30.9,Own 25.9,2:45,1.63,2019
19,20,Washington Redskins,16,176,912,29.5,11.9,5.2,25.0,Own 28.3,2:28,1.5,2019
20,21,Dallas Cowboys,16,175,1109,44.6,10.3,6.3,39.4,Own 26.3,2:42,2.43,2019
21,22,Chicago Bears,16,175,1048,29.1,10.3,6.0,27.2,Own 28.5,2:46,1.51,2019
22,23,Atlanta Falcons,16,174,1136,40.8,13.2,6.5,34.9,Own 28.7,2:51,2.12,2019
23,24,New Orleans Saints,16,173,1047,46.2,4.0,6.1,34.6,Own 33.7,2:59,2.5,2019
24,25,Minnesota Vikings,16,173,999,41.6,10.4,5.8,32.6,Own 29.6,2:40,2.29,2019
25,26,Denver Broncos,16,173,988,32.4,9.2,5.7,27.6,Own 27.6,2:43,1.6,2019
26,27,Houston Texans,16,169,1042,37.9,12.4,6.2,34.2,Own 28.8,2:51,2.18,2019
27,28,Indianapolis Colts,16,168,1047,36.3,11.3,6.2,31.1,Own 27.8,2:52,2.02,2019
28,29,Baltimore Ravens,16,166,1093,51.8,8.4,6.6,39.3,Own 29.1,3:21,2.95,2019
29,30,Oakland Raiders,16,165,1015,32.7,9.7,6.2,35.1,Own 27.2,3:00,1.83,2019
30,31,Kansas City Chiefs,16,164,1014,48.8,7.9,6.2,37.0,Own 28.8,2:52,2.59,2019
31,32,Los Angeles Chargers,16,160,1031,38.8,18.1,6.4,36.6,Own 26.3,3:05,2.06,2019
0,1,Philadelphia Eagles,16,190,1085,27.9,15.3,5.7,28.1,Own 27.2,2:28,1.66,2020
1,2,Denver Broncos,16,188,1065,33.0,17.0,5.7,28.4,Own 26.9,2:28,1.71,2020
2,3,Pittsburgh Steelers,16,188,1067,37.2,8.5,5.7,28.4,Own 30.8,2:37,2.12,2020
3,4,Los Angeles Rams,16,184,1118,34.2,12.5,6.1,32.7,Own 27.9,2:47,1.88,2020
4,5,Washington Football Team,16,183,1085,33.3,13.1,5.9,27.7,Own 28.4,2:37,1.74,2020
5,6,San Francisco 49ers,16,182,1072,36.3,14.8,5.9,32.6,Own 27.4,2:46,2.05,2020
6,7,Miami Dolphins,16,181,1060,41.4,11.0,5.9,30.0,Own 29.7,2:46,2.1,2020
7,8,Tampa Bay Buccaneers,16,180,1048,47.8,8.9,5.8,34.1,Own 31.0,2:34,2.72,2020
8,9,Dallas Cowboys,16,180,1154,40.6,14.4,6.4,32.9,Own 28.5,2:31,2.08,2020
9,10,Cincinnati Bengals,16,179,1074,33.0,12.8,6.0,28.4,Own 28.0,2:47,1.7,2020
10,11,Arizona Cardinals,16,179,1113,40.2,11.7,6.2,34.4,Own 29.1,2:36,2.3,2020
11,12,Seattle Seahawks,16,178,1046,44.4,10.1,5.9,33.1,Own 31.1,2:42,2.57,2020
12,13,New Orleans Saints,16,178,1073,45.5,9.0,6.0,33.9,Own 32.0,2:54,2.67,2020
13,14,Minnesota Vikings,16,176,1045,39.8,12.5,5.9,35.7,Own 26.2,2:44,2.44,2020
14,15,Chicago Bears,16,175,1075,38.9,12.0,6.1,30.3,Own 30.5,2:47,2.03,2020
15,16,Los Angeles Chargers,16,175,1160,38.3,8.6,6.6,34.8,Own 26.6,2:55,2.13,2020
16,17,New York Jets,16,175,976,26.3,10.9,5.6,25.6,Own 26.4,2:33,1.36,2020
17,18,Atlanta Falcons,16,174,1118,44.8,10.3,6.4,33.8,Own 28.1,2:49,2.26,2020
18,19,Jacksonville Jaguars,16,171,1022,30.4,14.0,6.0,30.5,Own 26.5,2:36,1.71,2020
19,20,Indianapolis Colts,16,171,1069,44.4,8.8,6.3,35.4,Own 30.2,2:55,2.36,2020
20,21,Buffalo Bills,16,170,1068,49.4,11.8,6.3,37.3,Own 30.7,2:59,2.8,2020
21,22,Baltimore Ravens,16,170,1022,45.3,10.6,6.0,34.1,Own 31.9,2:58,2.56,2020
22,23,Detroit Lions,16,169,1014,38.5,11.2,6.0,33.0,Own 28.3,2:38,2.2,2020
23,24,Las Vegas Raiders,16,169,1071,47.9,14.8,6.3,36.2,Own 29.5,2:56,2.57,2020
24,25,Tennessee Titans,16,167,1059,47.9,7.2,6.3,37.7,Own 28.7,2:45,2.87,2020
25,26,New York Giants,16,167,998,33.5,12.6,6.0,28.7,Own 29.2,2:45,1.6,2020
26,27,Cleveland Browns,16,165,1046,40.6,9.7,6.3,35.6,Own 28.1,3:00,2.38,2020
27,28,Houston Texans,16,163,971,42.9,9.8,6.0,36.8,Own 26.7,2:41,2.34,2020
28,29,Kansas City Chiefs,16,163,1084,47.9,9.2,6.7,40.7,Own 28.2,3:00,2.74,2020
29,30,Green Bay Packers,16,161,1006,49.7,5.6,6.2,38.6,Own 28.8,3:14,3.08,2020
30,31,Carolina Panthers,16,159,1029,40.3,13.2,6.5,35.1,Own 28.5,3:07,2.09,2020
31,32,New England Patriots,16,157,1007,36.9,12.1,6.4,33.1,Own 28.5,2:57,1.92,2020
0,1,Pittsburgh Steelers,17,199,1153,34.7,9.5,5.8,26.8,Own 29.2,2:34,1.7,2021
1,2,New Orleans Saints,17,196,1081,33.7,8.7,5.5,26.4,Own 31.1,2:39,1.85,2021
2,3,Minnesota Vikings,17,196,1121,39.3,6.6,5.7,31.4,Own 28.6,2:34,2.08,2021
3,4,Carolina Panthers,17,195,1135,29.2,14.9,5.8,26.0,Own 28.3,2:41,1.51,2021
4,5,Baltimore Ravens,17,195,1222,38.5,13.3,6.3,33.0,Own 26.9,2:54,1.97,2021
5,6,Tampa Bay Buccaneers,17,194,1170,44.3,9.8,6.0,35.5,Own 30.0,2:40,2.59,2021
6,7,Dallas Cowboys,17,192,1188,43.8,9.9,6.2,35.9,Own 28.5,2:43,2.46,2021
7,8,Cincinnati Bengals,17,190,1080,42.6,10.0,5.7,32.2,Own 29.8,2:49,2.37,2021
8,9,New York Giants,17,189,1083,27.5,15.9,5.7,25.7,Own 26.6,2:35,1.31,2021
9,10,Las Vegas Raiders,17,188,1125,41.0,12.8,6.0,32.8,Own 28.0,2:48,2.02,2021
10,11,Houston Texans,17,188,1037,26.6,11.2,5.5,25.1,Own 29.3,2:33,1.41,2021
11,12,Seattle Seahawks,17,187,977,34.8,7.0,5.2,29.3,Own 29.6,2:19,2.07,2021
12,13,New York Jets,17,187,1063,29.4,14.4,5.7,27.8,Own 27.5,2:32,1.61,2021
13,14,Buffalo Bills,17,186,1175,45.2,11.3,6.3,34.8,Own 32.2,2:54,2.56,2021
14,15,Miami Dolphins,17,186,1128,30.1,12.4,6.1,27.9,Own 28.0,2:47,1.61,2021
15,16,Tennessee Titans,17,185,1165,38.9,13.0,6.3,31.4,Own 29.7,3:04,2.16,2021
16,17,San Francisco 49ers,17,182,1067,41.2,11.5,5.9,34.7,Own 26.9,2:52,2.29,2021
17,18,Los Angeles Rams,17,181,1092,45.9,12.2,6.0,34.9,Own 28.0,2:44,2.5,2021
18,19,Indianapolis Colts,17,180,1087,43.3,8.9,6.0,32.8,Own 31.6,3:02,2.39,2021
19,20,Arizona Cardinals,17,179,1163,44.7,7.8,6.5,35.2,Own 29.5,2:58,2.46,2021
20,21,Washington Football Team,17,179,1098,34.6,13.4,6.1,30.5,Own 27.3,2:54,1.8,2021
21,22,Detroit Lions,17,178,1086,34.3,12.9,6.1,30.8,Own 29.1,2:47,1.81,2021
22,23,Chicago Bears,17,178,1105,31.5,15.2,6.2,29.3,Own 28.6,2:54,1.62,2021
23,24,Jacksonville Jaguars,17,178,1055,26.4,15.7,5.9,29.2,Own 25.7,2:37,1.38,2021
24,25,Cleveland Browns,17,177,1076,32.2,12.4,6.1,32.6,Own 28.4,2:57,1.89,2021
25,26,Atlanta Falcons,17,177,1035,32.8,14.7,5.8,29.1,Own 28.5,2:42,1.68,2021
26,27,New England Patriots,17,175,1091,48.0,12.6,6.2,34.3,Own 31.6,2:59,2.54,2021
27,28,Los Angeles Chargers,17,175,1155,45.7,12.0,6.6,37.9,Own 29.4,2:52,2.65,2021
28,29,Philadelphia Eagles,17,173,1108,43.4,9.2,6.4,35.0,Own 28.1,2:56,2.34,2021
29,30,Green Bay Packers,17,173,1106,44.5,6.4,6.4,35.9,Own 30.0,3:14,2.54,2021
30,31,Denver Broncos,17,168,1067,36.9,9.5,6.4,33.5,Own 28.0,3:07,1.96,2021
31,32,Kansas City Chiefs,17,168,1166,48.2,13.7,6.9,40.1,Own 28.7,3:08,2.71,2021
0,1,Denver Broncos,17,199,1114,28.6,10.6,5.6,27.6,Own 26.5,2:33,1.44,2022
1,2,Houston Texans,17,198,1046,28.8,13.6,5.3,24.3,Own 28.2,2:29,1.43,2022
2,3,Minnesota Vikings,17,197,1136,36.0,11.7,5.8,30.8,Own 29.0,2:34,2.04,2022
3,4,Washington Commanders,17,197,1170,29.4,11.7,5.9,28.4,Own 26.2,2:53,1.55,2022
4,5,Indianapolis Colts,17,195,1142,29.2,16.9,5.9,27.0,Own 28.9,2:40,1.39,2022
5,6,Dallas Cowboys,17,195,1146,41.5,10.8,5.9,30.9,Own 29.0,2:35,2.31,2022
6,7,Tampa Bay Buccaneers,17,194,1197,32.0,10.3,6.2,30.3,Own 26.9,2:36,1.6,2022
7,8,New York Jets,17,194,1111,29.9,11.9,5.7,27.8,Own 27.9,2:31,1.47,2022
8,9,New England Patriots,17,192,1043,32.8,12.0,5.4,27.8,Own 30.8,2:35,1.63,2022
9,10,Tennessee Titans,17,190,1016,27.9,10.5,5.3,26.5,Own 27.7,2:38,1.53,2022
10,11,Los Angeles Chargers,17,189,1187,38.1,9.5,6.3,32.3,Own 29.6,2:46,2.01,2022
11,12,Arizona Cardinals,17,187,1176,32.1,12.8,6.3,29.2,Own 26.8,2:45,1.65,2022
12,13,Seattle Seahawks,17,187,1081,40.6,11.2,5.8,31.9,Own 29.5,2:38,2.12,2022
13,14,Carolina Panthers,17,187,1009,35.3,9.6,5.4,27.9,Own 28.4,2:36,1.76,2022
14,15,San Francisco 49ers,17,186,1079,41.4,9.1,5.8,33.4,Own 32.2,2:55,2.32,2022
15,16,Philadelphia Eagles,17,186,1149,42.5,10.2,6.2,35.4,Own 29.1,2:48,2.5,2022
16,17,New Orleans Saints,17,186,1046,31.7,12.9,5.6,30.5,Own 27.7,2:42,1.73,2022
17,18,Chicago Bears,17,181,1020,34.3,12.7,5.6,28.7,Own 29.9,2:46,1.85,2022
18,19,Jacksonville Jaguars,17,181,1107,39.2,12.2,6.1,33.5,Own 29.6,2:48,2.08,2022
19,20,Baltimore Ravens,17,180,1095,38.9,11.7,6.1,32.0,Own 29.6,2:57,1.9,2022
20,21,Cleveland Browns,17,179,1141,34.6,11.2,6.4,33.0,Own 28.2,3:00,1.89,2022
21,22,Kansas City Chiefs,17,179,1126,46.4,10.1,6.3,39.3,Own 28.9,2:53,2.71,2022
22,23,Miami Dolphins,17,178,1041,38.8,11.8,5.8,34.9,Own 26.6,2:48,2.13,2022
23,24,New York Giants,17,177,1115,37.3,7.3,6.3,32.0,Own 26.7,2:55,1.95,2022
24,25,Pittsburgh Steelers,17,177,1153,35.0,9.6,6.5,30.9,Own 27.3,3:02,1.68,2022
25,26,Green Bay Packers,17,177,1080,36.2,11.3,6.1,32.5,Own 29.9,3:04,1.97,2022
26,27,Los Angeles Rams,17,176,1031,33.5,13.1,5.9,27.0,Own 26.6,2:53,1.71,2022
27,28,Detroit Lions,17,176,1122,43.2,8.0,6.4,36.6,Own 30.1,2:53,2.48,2022
28,29,Cincinnati Bengals,16,176,1082,41.5,9.7,6.1,32.7,Own 30.7,2:56,2.36,2022
29,30,Las Vegas Raiders,17,172,1084,42.4,12.2,6.3,34.7,Own 26.6,3:02,2.18,2022
30,31,Buffalo Bills,16,171,1068,45.0,15.2,6.2,37.1,Own 30.0,2:47,2.52,2022
31,32,Atlanta Falcons,17,167,1042,39.5,11.4,6.2,32.3,Own 27.7,3:02,2.0,2022
